# --- WireDatabaseBackup {"time":"2025-03-09 15:52:49","user":"","dbName":"db","description":"","tables":[],"excludeTables":[],"excludeCreateTables":[],"excludeExportTables":[]}

DROP TABLE IF EXISTS `caches`;
CREATE TABLE `caches` (
  `name` varchar(250) NOT NULL,
  `data` mediumtext NOT NULL,
  `expires` datetime NOT NULL,
  PRIMARY KEY (`name`),
  KEY `expires` (`expires`)
) ENGINE=MyISAM DEFAULT CHARSET=utf8mb3 COLLATE=utf8mb3_general_ci;

INSERT INTO `caches` (`name`, `data`, `expires`) VALUES('Modules.wire/modules/', 'Image/ImageSizerEngineIMagick/ImageSizerEngineIMagick.module\nImage/ImageSizerEngineAnimatedGif/ImageSizerEngineAnimatedGif.module\nPagePermissions.module\nSession/SessionLoginThrottle/SessionLoginThrottle.module\nSession/SessionHandlerDB/ProcessSessionDB.module\nSession/SessionHandlerDB/SessionHandlerDB.module\nFieldtype/FieldtypeInteger.module\nFieldtype/FieldtypeFieldsetTabOpen.module\nFieldtype/FieldtypeDatetime.module\nFieldtype/FieldtypePageTable.module\nFieldtype/FieldtypePassword.module\nFieldtype/FieldtypeFloat.module\nFieldtype/FieldtypeFieldsetOpen.module\nFieldtype/FieldtypeToggle.module\nFieldtype/FieldtypeEmail.module\nFieldtype/FieldtypeURL.module\nFieldtype/FieldtypeDecimal.module\nFieldtype/FieldtypeFieldsetClose.module\nFieldtype/FieldtypeCache.module\nFieldtype/FieldtypeSelector.module\nFieldtype/FieldtypeOptions/FieldtypeOptions.module\nFieldtype/FieldtypeComments/FieldtypeComments.module\nFieldtype/FieldtypeComments/CommentFilterAkismet.module\nFieldtype/FieldtypeComments/InputfieldCommentsAdmin.module\nFieldtype/FieldtypeCheckbox.module\nFieldtype/FieldtypeText.module\nFieldtype/FieldtypePageTitle.module\nFieldtype/FieldtypeFile/FieldtypeFile.module\nFieldtype/FieldtypeImage/FieldtypeImage.module\nFieldtype/FieldtypeTextarea.module\nFieldtype/FieldtypePage.module\nFieldtype/FieldtypeRepeater/FieldtypeFieldsetPage.module\nFieldtype/FieldtypeRepeater/InputfieldRepeater.module\nFieldtype/FieldtypeRepeater/FieldtypeRepeater.module\nFieldtype/FieldtypeModule.module\nAdminTheme/AdminThemeReno/AdminThemeReno.module\nAdminTheme/AdminThemeUikit/AdminThemeUikit.module\nAdminTheme/AdminThemeDefault/AdminThemeDefault.module\nPageRender.module\nPage/PageFrontEdit/PageFrontEdit.module\nLazyCron.module\nFileCompilerTags.module\nTextformatter/TextformatterNewlineBR.module\nTextformatter/TextformatterNewlineUL.module\nTextformatter/TextformatterSmartypants/TextformatterSmartypants.module\nTextformatter/TextformatterMarkdownExtra/TextformatterMarkdownExtra.module\nTextformatter/TextformatterPstripper.module\nTextformatter/TextformatterStripTags.module\nTextformatter/TextformatterEntities.module\nProcess/ProcessForgotPassword/ProcessForgotPassword.module\nProcess/ProcessPageEdit/ProcessPageEdit.module\nProcess/ProcessLogin/ProcessLogin.module\nProcess/ProcessPageClone.module\nProcess/ProcessPageList/ProcessPageList.module\nProcess/ProcessPageEditLink/ProcessPageEditLink.module\nProcess/ProcessField/ProcessField.module\nProcess/ProcessTemplate/ProcessTemplate.module\nProcess/ProcessPageEditImageSelect/ProcessPageEditImageSelect.module\nProcess/ProcessList.module\nProcess/ProcessCommentsManager/ProcessCommentsManager.module\nProcess/ProcessPageAdd/ProcessPageAdd.module\nProcess/ProcessRole/ProcessRole.module\nProcess/ProcessLogger/ProcessLogger.module\nProcess/ProcessHome.module\nProcess/ProcessModule/ProcessModule.module\nProcess/ProcessPageSort.module\nProcess/ProcessPageType/ProcessPageType.module\nProcess/ProcessPagesExportImport/ProcessPagesExportImport.module\nProcess/ProcessPageLister/ProcessPageLister.module\nProcess/ProcessRecentPages/ProcessRecentPages.module\nProcess/ProcessPageView.module\nProcess/ProcessPageTrash.module\nProcess/ProcessProfile/ProcessProfile.module\nProcess/ProcessPageSearch/ProcessPageSearch.module\nProcess/ProcessPermission/ProcessPermission.module\nProcess/ProcessUser/ProcessUser.module\nJquery/JqueryMagnific/JqueryMagnific.module\nJquery/JqueryUI/JqueryUI.module\nJquery/JqueryTableSorter/JqueryTableSorter.module\nJquery/JqueryCore/JqueryCore.module\nJquery/JqueryWireTabs/JqueryWireTabs.module\nSystem/SystemUpdater/SystemUpdater.module\nSystem/SystemNotifications/SystemNotifications.module\nSystem/SystemNotifications/FieldtypeNotifications.module\nPagePathHistory.module\nInputfield/InputfieldPageTitle/InputfieldPageTitle.module\nInputfield/InputfieldCheckbox/InputfieldCheckbox.module\nInputfield/InputfieldImage/InputfieldImage.module\nInputfield/InputfieldEmail.module\nInputfield/InputfieldFile/InputfieldFile.module\nInputfield/InputfieldMarkup.module\nInputfield/InputfieldSelect.module\nInputfield/InputfieldSelectMultiple.module\nInputfield/InputfieldDatetime/InputfieldDatetime.module\nInputfield/InputfieldName.module\nInputfield/InputfieldPageName/InputfieldPageName.module\nInputfield/InputfieldPageListSelect/InputfieldPageListSelect.module\nInputfield/InputfieldPageListSelect/InputfieldPageListSelectMultiple.module\nInputfield/InputfieldTextTags/InputfieldTextTags.module\nInputfield/InputfieldCheckboxes/InputfieldCheckboxes.module\nInputfield/InputfieldButton.module\nInputfield/InputfieldURL.module\nInputfield/InputfieldInteger.module\nInputfield/InputfieldText/InputfieldText.module\nInputfield/InputfieldTextarea.module\nInputfield/InputfieldAsmSelect/InputfieldAsmSelect.module\nInputfield/InputfieldRadios/InputfieldRadios.module\nInputfield/InputfieldIcon/InputfieldIcon.module\nInputfield/InputfieldSelector/InputfieldSelector.module\nInputfield/InputfieldPage/InputfieldPage.module\nInputfield/InputfieldCKEditor/InputfieldCKEditor.module\nInputfield/InputfieldPageAutocomplete/InputfieldPageAutocomplete.module\nInputfield/InputfieldFloat.module\nInputfield/InputfieldFieldset.module\nInputfield/InputfieldTinyMCE/InputfieldTinyMCE.module.php\nInputfield/InputfieldPassword/InputfieldPassword.module\nInputfield/InputfieldToggle/InputfieldToggle.module\nInputfield/InputfieldPageTable/InputfieldPageTable.module\nInputfield/InputfieldSubmit/InputfieldSubmit.module\nInputfield/InputfieldHidden.module\nInputfield/InputfieldForm.module\nPagePaths.module\nLanguageSupport/LanguageTabs.module\nLanguageSupport/ProcessLanguageTranslator.module\nLanguageSupport/FieldtypeTextLanguage.module\nLanguageSupport/ProcessLanguage.module\nLanguageSupport/LanguageSupportPageNames.module\nLanguageSupport/LanguageSupportFields.module\nLanguageSupport/LanguageSupport.module\nLanguageSupport/FieldtypePageTitleLanguage.module\nLanguageSupport/FieldtypeTextareaLanguage.module\nMarkup/MarkupHTMLPurifier/MarkupHTMLPurifier.module\nMarkup/MarkupPagerNav/MarkupPagerNav.module\nMarkup/MarkupPageFields.module\nMarkup/MarkupAdminDataTable/MarkupAdminDataTable.module\nMarkup/MarkupRSS.module\nMarkup/MarkupCache.module\nMarkup/MarkupPageArray.module', '2010-04-08 03:10:01');
INSERT INTO `caches` (`name`, `data`, `expires`) VALUES('Modules.site/modules/', 'FormBuilder/InputfieldFormBuilderPageBreak.module\nFormBuilder/FormBuilder.module\nFormBuilder/ProcessFormBuilder.module\nFormBuilder/InputfieldFormBuilderFile.module\nFormBuilder/InputfieldFormBuilderForm.module\nProcessAdminActions/ProcessAdminActions.module.php', '2010-04-08 03:10:01');
INSERT INTO `caches` (`name`, `data`, `expires`) VALUES('Permissions.names', '{\"admin-actions\":1048,\"admin-actions-restore\":1049,\"form-builder\":1021,\"form-builder-add\":1022,\"logs-edit\":1014,\"logs-view\":1013,\"page-delete\":34,\"page-edit\":32,\"page-edit-recent\":1011,\"page-lister\":1006,\"page-lock\":54,\"page-move\":35,\"page-sort\":50,\"page-template\":51,\"page-view\":36,\"profile-edit\":53,\"user-admin\":52}', '2010-04-08 03:10:10');
INSERT INTO `caches` (`name`, `data`, `expires`) VALUES('ModulesUninstalled.info', '{\"ImageSizerEngineIMagick\":{\"name\":\"ImageSizerEngineIMagick\",\"title\":\"IMagick Image Sizer\",\"version\":3,\"versionStr\":\"0.0.3\",\"author\":\"Horst Nogajski\",\"summary\":\"Upgrades image manipulations to use PHP\'s ImageMagick library when possible.\",\"created\":1724488285,\"installed\":false,\"configurable\":4,\"core\":true},\"ImageSizerEngineAnimatedGif\":{\"name\":\"ImageSizerEngineAnimatedGif\",\"title\":\"Animated GIF Image Sizer\",\"version\":1,\"versionStr\":\"0.0.1\",\"author\":\"Horst Nogajski\",\"summary\":\"Upgrades image manipulations for animated GIFs.\",\"created\":1724488285,\"installed\":false,\"configurable\":4,\"core\":true},\"ProcessSessionDB\":{\"name\":\"ProcessSessionDB\",\"title\":\"Sessions\",\"version\":5,\"versionStr\":\"0.0.5\",\"summary\":\"Enables you to browse active database sessions.\",\"icon\":\"dashboard\",\"requiresVersions\":{\"SessionHandlerDB\":[\">=\",0]},\"created\":1724488285,\"installed\":false,\"core\":true,\"page\":{\"name\":\"sessions-db\",\"parent\":\"access\",\"title\":\"Sessions\"}},\"SessionHandlerDB\":{\"name\":\"SessionHandlerDB\",\"title\":\"Session Handler Database\",\"version\":6,\"versionStr\":\"0.0.6\",\"summary\":\"Installing this module makes ProcessWire store sessions in the database rather than the file system. Note that this module will log you out after install or uninstall.\",\"installs\":[\"ProcessSessionDB\"],\"created\":1724488285,\"installed\":false,\"configurable\":3,\"core\":true},\"FieldtypePageTable\":{\"name\":\"FieldtypePageTable\",\"title\":\"ProFields: Page Table\",\"version\":8,\"versionStr\":\"0.0.8\",\"summary\":\"A fieldtype containing a group of editable pages.\",\"installs\":[\"InputfieldPageTable\"],\"autoload\":true,\"created\":1724488285,\"installed\":false,\"core\":true},\"FieldtypeToggle\":{\"name\":\"FieldtypeToggle\",\"title\":\"Toggle (Yes\\/No)\",\"version\":1,\"versionStr\":\"0.0.1\",\"summary\":\"Configurable yes\\/no, on\\/off toggle alternative to a checkbox, plus optional \\u201cother\\u201d option.\",\"requiresVersions\":{\"InputfieldToggle\":[\">=\",0]},\"created\":1724488285,\"installed\":false,\"core\":true},\"FieldtypeDecimal\":{\"name\":\"FieldtypeDecimal\",\"title\":\"Decimal\",\"version\":1,\"versionStr\":\"0.0.1\",\"summary\":\"Field that stores a decimal number\",\"created\":1724488285,\"installed\":false,\"core\":true},\"FieldtypeCache\":{\"name\":\"FieldtypeCache\",\"title\":\"Cache\",\"version\":102,\"versionStr\":\"1.0.2\",\"summary\":\"Caches the values of other fields for fewer runtime queries. Can also be used to combine multiple text fields and have them all be searchable under the cached field name.\",\"created\":1724488285,\"installed\":false,\"core\":true},\"FieldtypeSelector\":{\"name\":\"FieldtypeSelector\",\"title\":\"Selector\",\"version\":13,\"versionStr\":\"0.1.3\",\"author\":\"Avoine + ProcessWire\",\"summary\":\"Build a page finding selector visually.\",\"created\":1724488285,\"installed\":false,\"core\":true},\"FieldtypeComments\":{\"name\":\"FieldtypeComments\",\"title\":\"Comments\",\"version\":110,\"versionStr\":\"1.1.0\",\"summary\":\"Field that stores user posted comments for a single Page\",\"installs\":[\"InputfieldCommentsAdmin\"],\"created\":1724488285,\"installed\":false,\"core\":true},\"CommentFilterAkismet\":{\"name\":\"CommentFilterAkismet\",\"title\":\"Comment Filter: Akismet\",\"version\":200,\"versionStr\":\"2.0.0\",\"summary\":\"Uses the Akismet service to identify comment spam. Module plugin for the Comments Fieldtype.\",\"requiresVersions\":{\"FieldtypeComments\":[\">=\",0]},\"created\":1724488285,\"installed\":false,\"configurable\":3,\"core\":true},\"InputfieldCommentsAdmin\":{\"name\":\"InputfieldCommentsAdmin\",\"title\":\"Comments Admin\",\"version\":104,\"versionStr\":\"1.0.4\",\"summary\":\"Provides an administrative interface for working with comments\",\"requiresVersions\":{\"FieldtypeComments\":[\">=\",0]},\"created\":1724488285,\"installed\":false,\"core\":true},\"FieldtypeFieldsetPage\":{\"name\":\"FieldtypeFieldsetPage\",\"title\":\"Fieldset (Page)\",\"version\":1,\"versionStr\":\"0.0.1\",\"summary\":\"Fieldset with fields isolated to separate namespace (page), enabling re-use of fields.\",\"requiresVersions\":{\"FieldtypeRepeater\":[\">=\",0]},\"autoload\":true,\"created\":1724488285,\"installed\":false,\"configurable\":3,\"core\":true},\"AdminThemeReno\":{\"name\":\"AdminThemeReno\",\"title\":\"Reno\",\"version\":17,\"versionStr\":\"0.1.7\",\"author\":\"Tom Reno (Renobird)\",\"summary\":\"Admin theme for ProcessWire 2.5+ by Tom Reno (Renobird)\",\"requiresVersions\":{\"AdminThemeDefault\":[\">=\",0]},\"autoload\":\"template=admin\",\"created\":1724488285,\"installed\":false,\"configurable\":3,\"core\":true},\"PageFrontEdit\":{\"name\":\"PageFrontEdit\",\"title\":\"Front-End Page Editor\",\"version\":6,\"versionStr\":\"0.0.6\",\"author\":\"Ryan Cramer\",\"summary\":\"Enables front-end editing of page fields.\",\"icon\":\"cube\",\"permissions\":{\"page-edit-front\":\"Use the front-end page editor\"},\"autoload\":true,\"created\":1724488285,\"installed\":false,\"configurable\":\"PageFrontEditConfig.php\",\"core\":true,\"license\":\"MPL 2.0\"},\"LazyCron\":{\"name\":\"LazyCron\",\"title\":\"Lazy Cron\",\"version\":103,\"versionStr\":\"1.0.3\",\"summary\":\"Provides hooks that are automatically executed at various intervals. It is called \'lazy\' because it\'s triggered by a pageview, so the interval is guaranteed to be at least the time requested, rather than exactly the time requested. This is fine for most cases, but you can make it not lazy by connecting this to a real CRON job. See the module file for details. \",\"href\":\"https:\\/\\/processwire.com\\/api\\/modules\\/lazy-cron\\/\",\"autoload\":true,\"singular\":true,\"created\":1724488285,\"installed\":false,\"core\":true},\"FileCompilerTags\":{\"name\":\"FileCompilerTags\",\"title\":\"Tags File Compiler\",\"version\":1,\"versionStr\":\"0.0.1\",\"summary\":\"Enables {var} or {var.property} variables in markup sections of a file. Can be used with any API variable.\",\"created\":1724488285,\"installed\":false,\"configurable\":4,\"core\":true},\"TextformatterNewlineBR\":{\"name\":\"TextformatterNewlineBR\",\"title\":\"Newlines to XHTML Line Breaks\",\"version\":100,\"versionStr\":\"1.0.0\",\"summary\":\"Converts newlines to XHTML line break <br \\/> tags. \",\"created\":1724488285,\"installed\":false,\"core\":true},\"TextformatterNewlineUL\":{\"name\":\"TextformatterNewlineUL\",\"title\":\"Newlines to Unordered List\",\"version\":100,\"versionStr\":\"1.0.0\",\"summary\":\"Converts newlines to <li> list items and surrounds in an <ul> unordered list. \",\"created\":1724488285,\"installed\":false,\"core\":true},\"TextformatterSmartypants\":{\"name\":\"TextformatterSmartypants\",\"title\":\"SmartyPants Typographer\",\"version\":171,\"versionStr\":\"1.7.1\",\"summary\":\"Smart typography for web sites, by Michel Fortin based on SmartyPants by John Gruber. If combined with Markdown, it should be applied AFTER Markdown.\",\"created\":1724488285,\"installed\":false,\"configurable\":4,\"core\":true,\"url\":\"https:\\/\\/github.com\\/michelf\\/php-smartypants\"},\"TextformatterMarkdownExtra\":{\"name\":\"TextformatterMarkdownExtra\",\"title\":\"Markdown\\/Parsedown Extra\",\"version\":180,\"versionStr\":\"1.8.0\",\"summary\":\"Markdown\\/Parsedown extra lightweight markup language by Emanuil Rusev. Based on Markdown by John Gruber.\",\"created\":1724488285,\"installed\":false,\"configurable\":4,\"core\":true},\"TextformatterPstripper\":{\"name\":\"TextformatterPstripper\",\"title\":\"Paragraph Stripper\",\"version\":100,\"versionStr\":\"1.0.0\",\"summary\":\"Strips paragraph <p> tags that may have been applied by other text formatters before it. \",\"created\":1724488285,\"installed\":false,\"core\":true},\"TextformatterStripTags\":{\"name\":\"TextformatterStripTags\",\"title\":\"Strip Markup Tags\",\"version\":100,\"versionStr\":\"1.0.0\",\"summary\":\"Strips HTML\\/XHTML Markup Tags\",\"created\":1724488285,\"installed\":false,\"configurable\":3,\"core\":true},\"ProcessForgotPassword\":{\"name\":\"ProcessForgotPassword\",\"title\":\"Forgot Password\",\"version\":104,\"versionStr\":\"1.0.4\",\"summary\":\"Provides password reset\\/email capability for the Login process.\",\"permission\":\"page-view\",\"created\":1724488285,\"installed\":false,\"configurable\":4,\"core\":true},\"ProcessPageClone\":{\"name\":\"ProcessPageClone\",\"title\":\"Page Clone\",\"version\":104,\"versionStr\":\"1.0.4\",\"summary\":\"Provides ability to clone\\/copy\\/duplicate pages in the admin. Adds a &quot;copy&quot; option to all applicable pages in the PageList.\",\"permission\":\"page-clone\",\"permissions\":{\"page-clone\":\"Clone a page\",\"page-clone-tree\":\"Clone a tree of pages\"},\"autoload\":\"template=admin\",\"created\":1724488285,\"installed\":false,\"core\":true,\"page\":{\"name\":\"clone\",\"title\":\"Clone\",\"parent\":\"page\",\"status\":1024}},\"ProcessCommentsManager\":{\"name\":\"ProcessCommentsManager\",\"title\":\"Comments\",\"version\":12,\"versionStr\":\"0.1.2\",\"author\":\"Ryan Cramer\",\"summary\":\"Manage comments in your site outside of the page editor.\",\"icon\":\"comments\",\"requiresVersions\":{\"FieldtypeComments\":[\">=\",0]},\"permission\":\"comments-manager\",\"permissions\":{\"comments-manager\":\"Use the comments manager\"},\"created\":1724488285,\"installed\":false,\"searchable\":\"comments\",\"core\":true,\"page\":{\"name\":\"comments\",\"parent\":\"setup\",\"title\":\"Comments\"},\"nav\":[{\"url\":\"?go=approved\",\"label\":\"Approved\"},{\"url\":\"?go=pending\",\"label\":\"Pending\"},{\"url\":\"?go=spam\",\"label\":\"Spam\"},{\"url\":\"?go=all\",\"label\":\"All\"}]},\"ProcessPagesExportImport\":{\"name\":\"ProcessPagesExportImport\",\"title\":\"Pages Export\\/Import\",\"version\":1,\"versionStr\":\"0.0.1\",\"author\":\"Ryan Cramer\",\"summary\":\"Enables exporting and importing of pages. Development version, not yet recommended for production use.\",\"icon\":\"paper-plane-o\",\"permission\":\"page-edit-export\",\"created\":1724488285,\"installed\":false,\"core\":true,\"page\":{\"name\":\"export-import\",\"parent\":\"page\",\"title\":\"Export\\/Import\"}},\"SystemNotifications\":{\"name\":\"SystemNotifications\",\"title\":\"System Notifications\",\"version\":12,\"versionStr\":\"0.1.2\",\"summary\":\"Adds support for notifications in ProcessWire (currently in development)\",\"icon\":\"bell\",\"installs\":[\"FieldtypeNotifications\"],\"autoload\":true,\"created\":1724488285,\"installed\":false,\"configurable\":\"SystemNotificationsConfig.php\",\"core\":true},\"FieldtypeNotifications\":{\"name\":\"FieldtypeNotifications\",\"title\":\"Notifications\",\"version\":4,\"versionStr\":\"0.0.4\",\"summary\":\"Field that stores user notifications.\",\"requiresVersions\":{\"SystemNotifications\":[\">=\",0]},\"created\":1724488285,\"installed\":false,\"core\":true},\"PagePathHistory\":{\"name\":\"PagePathHistory\",\"title\":\"Page Path History\",\"version\":8,\"versionStr\":\"0.0.8\",\"summary\":\"Keeps track of past URLs where pages have lived and automatically redirects (301 permanent) to the new location whenever the past URL is accessed.\",\"autoload\":true,\"singular\":true,\"created\":1724488285,\"installed\":false,\"configurable\":4,\"core\":true},\"InputfieldCKEditor\":{\"name\":\"InputfieldCKEditor\",\"title\":\"CKEditor\",\"version\":171,\"versionStr\":\"1.7.1\",\"summary\":\"CKEditor textarea rich text editor.\",\"installs\":[\"MarkupHTMLPurifier\"],\"created\":1724488285,\"installed\":false,\"core\":true},\"InputfieldPageTable\":{\"name\":\"InputfieldPageTable\",\"title\":\"ProFields: Page Table\",\"version\":14,\"versionStr\":\"0.1.4\",\"summary\":\"Inputfield to accompany FieldtypePageTable\",\"requiresVersions\":{\"FieldtypePageTable\":[\">=\",0]},\"created\":1724488285,\"installed\":false,\"core\":true},\"PagePaths\":{\"name\":\"PagePaths\",\"title\":\"Page Paths\",\"version\":4,\"versionStr\":\"0.0.4\",\"summary\":\"Enables page paths\\/urls to be queryable by selectors. Also offers potential for improved load performance. Builds an index at install (may take time on a large site).\",\"autoload\":true,\"singular\":true,\"created\":1724488285,\"installed\":false,\"configurable\":4,\"core\":true},\"LanguageTabs\":{\"name\":\"LanguageTabs\",\"title\":\"Languages Support - Tabs\",\"version\":117,\"versionStr\":\"1.1.7\",\"author\":\"adamspruijt, ryan, flipzoom\",\"summary\":\"Organizes multi-language fields into tabs for a cleaner easier to use interface.\",\"requiresVersions\":{\"LanguageSupport\":[\">=\",0]},\"autoload\":\"template=admin\",\"singular\":true,\"created\":1724488285,\"installed\":false,\"configurable\":4,\"core\":true},\"ProcessLanguageTranslator\":{\"name\":\"ProcessLanguageTranslator\",\"title\":\"Language Translator\",\"version\":103,\"versionStr\":\"1.0.3\",\"author\":\"Ryan Cramer\",\"summary\":\"Provides language translation capabilities for ProcessWire core and modules.\",\"requiresVersions\":{\"LanguageSupport\":[\">=\",0]},\"permission\":\"lang-edit\",\"created\":1724488285,\"installed\":false,\"configurable\":4,\"core\":true},\"FieldtypeTextLanguage\":{\"name\":\"FieldtypeTextLanguage\",\"title\":\"Text (Multi-language)\",\"version\":100,\"versionStr\":\"1.0.0\",\"summary\":\"Field that stores a single line of text in multiple languages\",\"requiresVersions\":{\"LanguageSupportFields\":[\">=\",0]},\"created\":1724488285,\"installed\":false,\"core\":true},\"ProcessLanguage\":{\"name\":\"ProcessLanguage\",\"title\":\"Languages\",\"version\":103,\"versionStr\":\"1.0.3\",\"author\":\"Ryan Cramer\",\"summary\":\"Manage system languages\",\"icon\":\"language\",\"requiresVersions\":{\"LanguageSupport\":[\">=\",0]},\"permission\":\"lang-edit\",\"permissions\":{\"lang-edit\":\"Administer languages and static translation files\"},\"created\":1724488285,\"installed\":false,\"configurable\":3,\"core\":true,\"useNavJSON\":true},\"LanguageSupportPageNames\":{\"name\":\"LanguageSupportPageNames\",\"title\":\"Languages Support - Page Names\",\"version\":13,\"versionStr\":\"0.1.3\",\"author\":\"Ryan Cramer\",\"summary\":\"Required to use multi-language page names.\",\"requiresVersions\":{\"LanguageSupport\":[\">=\",0],\"LanguageSupportFields\":[\">=\",0]},\"autoload\":true,\"singular\":true,\"created\":1724488285,\"installed\":false,\"configurable\":4,\"core\":true},\"LanguageSupportFields\":{\"name\":\"LanguageSupportFields\",\"title\":\"Languages Support - Fields\",\"version\":101,\"versionStr\":\"1.0.1\",\"author\":\"Ryan Cramer\",\"summary\":\"Required to use multi-language fields.\",\"requiresVersions\":{\"LanguageSupport\":[\">=\",0]},\"installs\":[\"FieldtypePageTitleLanguage\",\"FieldtypeTextareaLanguage\",\"FieldtypeTextLanguage\"],\"autoload\":true,\"singular\":true,\"created\":1724488285,\"installed\":false,\"core\":true},\"LanguageSupport\":{\"name\":\"LanguageSupport\",\"title\":\"Languages Support\",\"version\":103,\"versionStr\":\"1.0.3\",\"author\":\"Ryan Cramer\",\"summary\":\"ProcessWire multi-language support.\",\"installs\":[\"ProcessLanguage\",\"ProcessLanguageTranslator\"],\"autoload\":true,\"singular\":true,\"created\":1724488285,\"installed\":false,\"configurable\":3,\"core\":true,\"addFlag\":32},\"FieldtypePageTitleLanguage\":{\"name\":\"FieldtypePageTitleLanguage\",\"title\":\"Page Title (Multi-Language)\",\"version\":100,\"versionStr\":\"1.0.0\",\"author\":\"Ryan Cramer\",\"summary\":\"Field that stores a page title in multiple languages. Use this only if you want title inputs created for ALL languages on ALL pages. Otherwise create separate languaged-named title fields, i.e. title_fr, title_es, title_fi, etc. \",\"requiresVersions\":{\"LanguageSupportFields\":[\">=\",0],\"FieldtypeTextLanguage\":[\">=\",0]},\"created\":1724488285,\"installed\":false,\"core\":true},\"FieldtypeTextareaLanguage\":{\"name\":\"FieldtypeTextareaLanguage\",\"title\":\"Textarea (Multi-language)\",\"version\":100,\"versionStr\":\"1.0.0\",\"summary\":\"Field that stores a multiple lines of text in multiple languages\",\"requiresVersions\":{\"LanguageSupportFields\":[\">=\",0]},\"created\":1724488285,\"installed\":false,\"core\":true},\"MarkupPageFields\":{\"name\":\"MarkupPageFields\",\"title\":\"Markup Page Fields\",\"version\":100,\"versionStr\":\"1.0.0\",\"summary\":\"Adds $page->renderFields() and $page->images->render() methods that return basic markup for output during development and debugging.\",\"autoload\":true,\"singular\":true,\"created\":1724488285,\"installed\":false,\"core\":true,\"permanent\":true},\"MarkupRSS\":{\"name\":\"MarkupRSS\",\"title\":\"Markup RSS Feed\",\"version\":105,\"versionStr\":\"1.0.5\",\"summary\":\"Renders an RSS feed. Given a PageArray, renders an RSS feed of them.\",\"icon\":\"rss-square\",\"created\":1724488285,\"installed\":false,\"configurable\":3,\"core\":true},\"MarkupCache\":{\"name\":\"MarkupCache\",\"title\":\"Markup Cache\",\"version\":101,\"versionStr\":\"1.0.1\",\"summary\":\"A simple way to cache segments of markup in your templates. \",\"href\":\"https:\\/\\/processwire.com\\/api\\/modules\\/markupcache\\/\",\"autoload\":true,\"singular\":true,\"created\":1724488285,\"installed\":false,\"configurable\":3,\"core\":true},\"InputfieldFormBuilderPageBreak\":{\"name\":\"InputfieldFormBuilderPageBreak\",\"title\":\"Page Break (for FormBuilder)\",\"version\":1,\"versionStr\":\"0.0.1\",\"summary\":\"Enables you to create separate paginations of a form in FormBuilder.\",\"requiresVersions\":{\"FormBuilder\":[\">=\",0]},\"created\":1727011979,\"installed\":false},\"InputfieldFormBuilderForm\":{\"name\":\"InputfieldFormBuilderForm\",\"title\":\"Form (for FormBuilder)\",\"version\":1,\"versionStr\":\"0.0.1\",\"summary\":\"Enables you to include one FormBuilder form within another.\",\"requiresVersions\":{\"FormBuilder\":[\">=\",0]},\"created\":1727011979,\"installed\":false}}', '2010-04-08 03:10:01');
INSERT INTO `caches` (`name`, `data`, `expires`) VALUES('ModulesVerbose.info', '{\"114\":{\"summary\":\"Adds various permission methods to Page objects that are used by Process modules.\",\"core\":true,\"versionStr\":\"1.0.5\"},\"125\":{\"summary\":\"Throttles login attempts to help prevent dictionary attacks.\",\"core\":true,\"versionStr\":\"1.0.3\"},\"84\":{\"summary\":\"Field that stores an integer\",\"core\":true,\"versionStr\":\"1.0.2\"},\"107\":{\"summary\":\"Open a fieldset to group fields. Same as Fieldset (Open) except that it displays in a tab instead.\",\"core\":true,\"versionStr\":\"1.0.0\"},\"28\":{\"summary\":\"Field that stores a date and optionally time\",\"core\":true,\"versionStr\":\"1.0.5\"},\"133\":{\"summary\":\"Field that stores a hashed and salted password\",\"core\":true,\"versionStr\":\"1.0.1\"},\"89\":{\"summary\":\"Field that stores a floating point number\",\"core\":true,\"versionStr\":\"1.0.7\"},\"105\":{\"summary\":\"Open a fieldset to group fields. Should be followed by a Fieldset (Close) after one or more fields.\",\"core\":true,\"versionStr\":\"1.0.1\"},\"29\":{\"summary\":\"Field that stores an e-mail address\",\"core\":true,\"versionStr\":\"1.0.1\"},\"135\":{\"summary\":\"Field that stores a URL\",\"core\":true,\"versionStr\":\"1.0.1\"},\"106\":{\"summary\":\"Close a fieldset opened by FieldsetOpen. \",\"core\":true,\"versionStr\":\"1.0.0\"},\"175\":{\"summary\":\"Field that stores single and multi select options.\",\"core\":true,\"versionStr\":\"0.0.2\"},\"97\":{\"summary\":\"This Fieldtype stores an ON\\/OFF toggle via a single checkbox. The ON value is 1 and OFF value is 0.\",\"core\":true,\"versionStr\":\"1.0.1\"},\"3\":{\"summary\":\"Field that stores a single line of text\",\"core\":true,\"versionStr\":\"1.0.2\"},\"111\":{\"summary\":\"Field that stores a page title\",\"core\":true,\"versionStr\":\"1.0.0\"},\"6\":{\"summary\":\"Field that stores one or more files\",\"core\":true,\"versionStr\":\"1.0.7\"},\"57\":{\"summary\":\"Field that stores one or more GIF, JPG, or PNG images\",\"core\":true,\"versionStr\":\"1.0.2\"},\"1\":{\"summary\":\"Field that stores multiple lines of text\",\"core\":true,\"versionStr\":\"1.0.7\"},\"4\":{\"summary\":\"Field that stores one or more references to ProcessWire pages\",\"core\":true,\"versionStr\":\"1.0.7\"},\"177\":{\"summary\":\"Repeats fields from another template. Provides the input for FieldtypeRepeater.\",\"core\":true,\"versionStr\":\"1.1.1\"},\"176\":{\"summary\":\"Maintains a collection of fields that are repeated for any number of times.\",\"core\":true,\"versionStr\":\"1.1.2\"},\"27\":{\"summary\":\"Field that stores a reference to another module\",\"core\":true,\"versionStr\":\"1.0.2\"},\"166\":{\"summary\":\"Uikit v3 admin theme\",\"core\":true,\"versionStr\":\"0.3.3\"},\"148\":{\"summary\":\"Minimal admin theme that supports all ProcessWire features.\",\"core\":true,\"versionStr\":\"0.1.4\"},\"115\":{\"summary\":\"Adds a render method to Page and caches page output.\",\"core\":true,\"versionStr\":\"1.0.5\"},\"61\":{\"summary\":\"Entity encode ampersands, quotes (single and double) and greater-than\\/less-than signs using htmlspecialchars(str, ENT_QUOTES). It is recommended that you use this on all text\\/textarea fields except those using a rich text editor or a markup language like Markdown.\",\"core\":true,\"versionStr\":\"1.0.0\"},\"7\":{\"summary\":\"Edit a Page\",\"core\":true,\"versionStr\":\"1.1.2\"},\"10\":{\"summary\":\"Login to ProcessWire\",\"core\":true,\"versionStr\":\"1.0.9\"},\"12\":{\"summary\":\"List pages in a hierarchical tree structure\",\"core\":true,\"versionStr\":\"1.2.4\"},\"121\":{\"summary\":\"Provides a link capability as used by some Fieldtype modules (like rich text editors).\",\"core\":true,\"versionStr\":\"1.1.2\"},\"48\":{\"summary\":\"Edit individual fields that hold page data\",\"core\":true,\"versionStr\":\"1.1.4\",\"searchable\":\"fields\"},\"47\":{\"summary\":\"List and edit the templates that control page output\",\"core\":true,\"versionStr\":\"1.1.4\",\"searchable\":\"templates\"},\"129\":{\"summary\":\"Provides image manipulation functions for image fields and rich text editors.\",\"core\":true,\"versionStr\":\"1.2.1\"},\"76\":{\"summary\":\"Lists the Process assigned to each child page of the current\",\"core\":true,\"versionStr\":\"1.0.1\"},\"17\":{\"summary\":\"Add a new page\",\"core\":true,\"versionStr\":\"1.0.9\"},\"68\":{\"summary\":\"Manage user roles and what permissions are attached\",\"core\":true,\"versionStr\":\"1.0.4\"},\"167\":{\"summary\":\"View and manage system logs.\",\"author\":\"Ryan Cramer\",\"core\":true,\"versionStr\":\"0.0.2\",\"permissions\":{\"logs-view\":\"Can view system logs\",\"logs-edit\":\"Can manage system logs\"},\"page\":{\"name\":\"logs\",\"parent\":\"setup\",\"title\":\"Logs\"}},\"87\":{\"summary\":\"Acts as a placeholder Process for the admin root. Ensures proper flow control after login.\",\"core\":true,\"versionStr\":\"1.0.1\"},\"50\":{\"summary\":\"List, edit or install\\/uninstall modules\",\"core\":true,\"versionStr\":\"1.2.0\"},\"14\":{\"summary\":\"Handles page sorting and moving for PageList\",\"core\":true,\"versionStr\":\"1.0.0\"},\"134\":{\"summary\":\"List, Edit and Add pages of a specific type\",\"core\":true,\"versionStr\":\"1.0.1\"},\"150\":{\"summary\":\"Admin tool for finding and listing pages by any property.\",\"author\":\"Ryan Cramer\",\"core\":true,\"versionStr\":\"0.2.6\",\"permissions\":{\"page-lister\":\"Use Page Lister\"}},\"165\":{\"summary\":\"Shows a list of recently edited pages in your admin.\",\"author\":\"Ryan Cramer\",\"href\":\"http:\\/\\/modules.processwire.com\\/\",\"core\":true,\"versionStr\":\"0.0.2\",\"permissions\":{\"page-edit-recent\":\"Can see recently edited pages\"},\"page\":{\"name\":\"recent-pages\",\"parent\":\"page\",\"title\":\"Recent\"}},\"83\":{\"summary\":\"All page views are routed through this Process\",\"core\":true,\"versionStr\":\"1.0.6\"},\"109\":{\"summary\":\"Handles emptying of Page trash\",\"core\":true,\"versionStr\":\"1.0.3\"},\"138\":{\"summary\":\"Enables user to change their password, email address and other settings that you define.\",\"core\":true,\"versionStr\":\"1.0.5\"},\"104\":{\"summary\":\"Provides a page search engine for admin use.\",\"core\":true,\"versionStr\":\"1.0.8\"},\"136\":{\"summary\":\"Manage system permissions\",\"core\":true,\"versionStr\":\"1.0.1\"},\"66\":{\"summary\":\"Manage system users\",\"core\":true,\"versionStr\":\"1.0.7\",\"searchable\":\"users\"},\"151\":{\"summary\":\"Provides lightbox capability for image galleries. Replacement for FancyBox. Uses Magnific Popup by @dimsemenov.\",\"href\":\"https:\\/\\/github.com\\/dimsemenov\\/Magnific-Popup\\/\",\"core\":true,\"versionStr\":\"1.1.0\"},\"117\":{\"summary\":\"jQuery UI as required by ProcessWire and plugins\",\"href\":\"https:\\/\\/ui.jquery.com\",\"core\":true,\"versionStr\":\"1.10.4\"},\"103\":{\"summary\":\"Provides a jQuery plugin for sorting tables.\",\"href\":\"https:\\/\\/mottie.github.io\\/tablesorter\\/\",\"core\":true,\"versionStr\":\"2.31.3\"},\"116\":{\"summary\":\"jQuery Core as required by ProcessWire Admin and plugins\",\"href\":\"https:\\/\\/jquery.com\",\"core\":true,\"versionStr\":\"1.12.4\"},\"45\":{\"summary\":\"Provides a jQuery plugin for generating tabs in ProcessWire.\",\"core\":true,\"versionStr\":\"1.1.0\"},\"139\":{\"summary\":\"Manages system versions and upgrades.\",\"core\":true,\"versionStr\":\"0.2.0\"},\"112\":{\"summary\":\"Handles input of Page Title and auto-generation of Page Name (when name is blank)\",\"core\":true,\"versionStr\":\"1.0.2\"},\"37\":{\"summary\":\"Single checkbox toggle\",\"core\":true,\"versionStr\":\"1.0.6\"},\"56\":{\"summary\":\"One or more image uploads (sortable)\",\"core\":true,\"versionStr\":\"1.2.7\"},\"80\":{\"summary\":\"E-Mail address in valid format\",\"core\":true,\"versionStr\":\"1.0.2\"},\"55\":{\"summary\":\"One or more file uploads (sortable)\",\"core\":true,\"versionStr\":\"1.2.8\"},\"79\":{\"summary\":\"Contains any other markup and optionally child Inputfields\",\"core\":true,\"versionStr\":\"1.0.2\"},\"36\":{\"summary\":\"Selection of a single value from a select pulldown\",\"core\":true,\"versionStr\":\"1.0.2\"},\"43\":{\"summary\":\"Select multiple items from a list\",\"core\":true,\"versionStr\":\"1.0.1\"},\"94\":{\"summary\":\"Inputfield that accepts date and optionally time\",\"core\":true,\"versionStr\":\"1.0.7\"},\"41\":{\"summary\":\"Text input validated as a ProcessWire name field\",\"core\":true,\"versionStr\":\"1.0.0\"},\"86\":{\"summary\":\"Text input validated as a ProcessWire Page name field\",\"core\":true,\"versionStr\":\"1.0.6\"},\"15\":{\"summary\":\"Selection of a single page from a ProcessWire page tree list\",\"core\":true,\"versionStr\":\"1.0.1\"},\"137\":{\"summary\":\"Selection of multiple pages from a ProcessWire page tree list\",\"core\":true,\"versionStr\":\"1.0.3\"},\"169\":{\"summary\":\"Enables input of user entered tags or selection of predefined tags.\",\"core\":true,\"versionStr\":\"0.0.6\"},\"38\":{\"summary\":\"Multiple checkbox toggles\",\"core\":true,\"versionStr\":\"1.0.8\"},\"131\":{\"summary\":\"Form button element that you can optionally pass an href attribute to.\",\"core\":true,\"versionStr\":\"1.0.0\"},\"108\":{\"summary\":\"URL in valid format\",\"core\":true,\"versionStr\":\"1.0.3\"},\"85\":{\"summary\":\"Integer (positive or negative)\",\"core\":true,\"versionStr\":\"1.0.5\"},\"34\":{\"summary\":\"Single line of text\",\"core\":true,\"versionStr\":\"1.0.6\"},\"35\":{\"summary\":\"Multiple lines of text\",\"core\":true,\"versionStr\":\"1.0.3\"},\"25\":{\"summary\":\"Multiple selection, progressive enhancement to select multiple\",\"core\":true,\"versionStr\":\"2.0.3\"},\"39\":{\"summary\":\"Radio buttons for selection of a single item\",\"core\":true,\"versionStr\":\"1.0.6\"},\"168\":{\"summary\":\"Select an icon\",\"core\":true,\"versionStr\":\"0.0.3\"},\"149\":{\"summary\":\"Build a page finding selector visually.\",\"author\":\"Avoine + ProcessWire\",\"core\":true,\"versionStr\":\"0.2.8\"},\"60\":{\"summary\":\"Select one or more pages\",\"core\":true,\"versionStr\":\"1.0.8\"},\"170\":{\"summary\":\"Multiple Page selection using auto completion and sorting capability. Intended for use as an input field for Page reference fields.\",\"core\":true,\"versionStr\":\"1.1.3\"},\"90\":{\"summary\":\"Floating point number with precision\",\"core\":true,\"versionStr\":\"1.0.5\"},\"78\":{\"summary\":\"Groups one or more fields together in a container\",\"core\":true,\"versionStr\":\"1.0.1\"},\"155\":{\"summary\":\"TinyMCE rich text editor version 6.4.1.\",\"core\":true,\"versionStr\":\"6.1.6\"},\"122\":{\"summary\":\"Password input with confirmation field that doesn&#039;t ever echo the input back.\",\"core\":true,\"versionStr\":\"1.0.2\"},\"171\":{\"summary\":\"A toggle providing similar input capability to a checkbox but much more configurable.\",\"core\":true,\"versionStr\":\"0.0.1\"},\"32\":{\"summary\":\"Form submit button\",\"core\":true,\"versionStr\":\"1.0.3\"},\"40\":{\"summary\":\"Hidden value in a form\",\"core\":true,\"versionStr\":\"1.0.1\"},\"30\":{\"summary\":\"Contains one or more fields in a form\",\"core\":true,\"versionStr\":\"1.0.7\"},\"156\":{\"summary\":\"Front-end to the HTML Purifier library.\",\"core\":true,\"versionStr\":\"4.9.7\"},\"98\":{\"summary\":\"Generates markup for pagination navigation\",\"core\":true,\"versionStr\":\"1.0.5\"},\"67\":{\"summary\":\"Generates markup for data tables used by ProcessWire admin\",\"core\":true,\"versionStr\":\"1.0.7\"},\"113\":{\"summary\":\"Adds renderPager() method to all PaginatedArray types, for easy pagination output. Plus a render() method to PageArray instances.\",\"core\":true,\"versionStr\":\"1.0.0\"},\"172\":{\"summary\":\"Create or edit forms and manage submitted entries.\",\"versionStr\":\"0.5.5\"},\"173\":{\"summary\":\"Create or edit forms and manage submitted entries.\",\"versionStr\":\"0.5.5\"},\"174\":{\"summary\":\"Form Builder file(s) upload input\",\"versionStr\":\"0.0.3\"},\"178\":{\"summary\":\"Control panel for running various admin actions\",\"author\":\"Adrian Jones\",\"versionStr\":\"0.9.6\",\"permissions\":{\"admin-actions\":\"Run selected AdminActions actions\",\"admin-actions-restore\":\"Run AdminActions restore feature\"},\"page\":{\"name\":\"admin-actions\",\"parent\":\"setup\",\"title\":\"Admin Actions\"}}}', '2010-04-08 03:10:01');
INSERT INTO `caches` (`name`, `data`, `expires`) VALUES('ModulesVersions.info', '[]', '2010-04-08 03:10:01');
INSERT INTO `caches` (`name`, `data`, `expires`) VALUES('Modules.info', '{\"114\":{\"name\":\"PagePermissions\",\"title\":\"Page Permissions\",\"version\":105,\"autoload\":true,\"singular\":true,\"created\":1722511000,\"permanent\":true},\"125\":{\"name\":\"SessionLoginThrottle\",\"title\":\"Session Login Throttle\",\"version\":103,\"autoload\":\"function\",\"singular\":true,\"created\":1722511000,\"configurable\":3},\"84\":{\"name\":\"FieldtypeInteger\",\"title\":\"Integer\",\"version\":102,\"created\":1722511000,\"permanent\":true},\"107\":{\"name\":\"FieldtypeFieldsetTabOpen\",\"title\":\"Fieldset in Tab (Open)\",\"version\":100,\"singular\":1,\"created\":1722511000,\"permanent\":true},\"28\":{\"name\":\"FieldtypeDatetime\",\"title\":\"Datetime\",\"version\":105,\"created\":1722511000},\"133\":{\"name\":\"FieldtypePassword\",\"title\":\"Password\",\"version\":101,\"singular\":true,\"created\":1722511000,\"permanent\":true},\"89\":{\"name\":\"FieldtypeFloat\",\"title\":\"Float\",\"version\":107,\"singular\":1,\"created\":1722511000,\"permanent\":true},\"105\":{\"name\":\"FieldtypeFieldsetOpen\",\"title\":\"Fieldset (Open)\",\"version\":101,\"singular\":1,\"created\":1722511000,\"permanent\":true},\"29\":{\"name\":\"FieldtypeEmail\",\"title\":\"E-Mail\",\"version\":101,\"created\":1722511000},\"135\":{\"name\":\"FieldtypeURL\",\"title\":\"URL\",\"version\":101,\"singular\":1,\"created\":1722511000,\"permanent\":true},\"106\":{\"name\":\"FieldtypeFieldsetClose\",\"title\":\"Fieldset (Close)\",\"version\":100,\"singular\":1,\"created\":1722511000,\"permanent\":true},\"175\":{\"name\":\"FieldtypeOptions\",\"title\":\"Select Options\",\"version\":2,\"singular\":true,\"created\":1727612251},\"97\":{\"name\":\"FieldtypeCheckbox\",\"title\":\"Checkbox\",\"version\":101,\"singular\":1,\"created\":1722511000,\"permanent\":true},\"3\":{\"name\":\"FieldtypeText\",\"title\":\"Text\",\"version\":102,\"created\":1722511000,\"permanent\":true},\"111\":{\"name\":\"FieldtypePageTitle\",\"title\":\"Page Title\",\"version\":100,\"singular\":true,\"created\":1722511000,\"permanent\":true},\"6\":{\"name\":\"FieldtypeFile\",\"title\":\"Files\",\"version\":107,\"created\":1722511000,\"configurable\":4,\"permanent\":true},\"57\":{\"name\":\"FieldtypeImage\",\"title\":\"Images\",\"version\":102,\"created\":1722511000,\"configurable\":4,\"permanent\":true},\"1\":{\"name\":\"FieldtypeTextarea\",\"title\":\"Textarea\",\"version\":107,\"created\":1722511000,\"permanent\":true},\"4\":{\"name\":\"FieldtypePage\",\"title\":\"Page Reference\",\"version\":107,\"created\":1722511000,\"configurable\":3,\"permanent\":true},\"177\":{\"name\":\"InputfieldRepeater\",\"title\":\"Repeater\",\"version\":111,\"requiresVersions\":{\"FieldtypeRepeater\":[\">=\",0]},\"created\":1736075470},\"176\":{\"name\":\"FieldtypeRepeater\",\"title\":\"Repeater\",\"version\":112,\"installs\":[\"InputfieldRepeater\"],\"autoload\":true,\"singular\":true,\"created\":1736075470,\"configurable\":3},\"27\":{\"name\":\"FieldtypeModule\",\"title\":\"Module Reference\",\"version\":102,\"created\":1722511000,\"permanent\":true},\"166\":{\"name\":\"AdminThemeUikit\",\"title\":\"Uikit\",\"version\":33,\"autoload\":\"template=admin\",\"created\":1722511016,\"configurable\":4},\"148\":{\"name\":\"AdminThemeDefault\",\"title\":\"Default\",\"version\":14,\"autoload\":\"template=admin\",\"created\":1722511000,\"configurable\":19},\"115\":{\"name\":\"PageRender\",\"title\":\"Page Render\",\"version\":105,\"autoload\":true,\"singular\":true,\"created\":1722511000,\"configurable\":3,\"permanent\":true},\"61\":{\"name\":\"TextformatterEntities\",\"title\":\"HTML Entity Encoder (htmlspecialchars)\",\"version\":100,\"created\":1722511000},\"7\":{\"name\":\"ProcessPageEdit\",\"title\":\"Page Edit\",\"version\":112,\"icon\":\"edit\",\"permission\":\"page-edit\",\"singular\":1,\"created\":1722511000,\"configurable\":3,\"permanent\":true,\"useNavJSON\":true},\"10\":{\"name\":\"ProcessLogin\",\"title\":\"Login\",\"version\":109,\"permission\":\"page-view\",\"created\":1722511000,\"configurable\":4,\"permanent\":true},\"12\":{\"name\":\"ProcessPageList\",\"title\":\"Page List\",\"version\":124,\"icon\":\"sitemap\",\"permission\":\"page-edit\",\"created\":1722511000,\"configurable\":3,\"permanent\":true,\"useNavJSON\":true},\"121\":{\"name\":\"ProcessPageEditLink\",\"title\":\"Page Edit Link\",\"version\":112,\"icon\":\"link\",\"permission\":\"page-edit\",\"singular\":1,\"created\":1722511000,\"configurable\":4,\"permanent\":true},\"48\":{\"name\":\"ProcessField\",\"title\":\"Fields\",\"version\":114,\"icon\":\"cube\",\"permission\":\"field-admin\",\"created\":1722511000,\"configurable\":3,\"permanent\":true,\"useNavJSON\":true,\"addFlag\":32},\"47\":{\"name\":\"ProcessTemplate\",\"title\":\"Templates\",\"version\":114,\"icon\":\"cubes\",\"permission\":\"template-admin\",\"created\":1722511000,\"configurable\":4,\"permanent\":true,\"useNavJSON\":true},\"129\":{\"name\":\"ProcessPageEditImageSelect\",\"title\":\"Page Edit Image\",\"version\":121,\"permission\":\"page-edit\",\"singular\":1,\"created\":1722511000,\"configurable\":3,\"permanent\":true},\"76\":{\"name\":\"ProcessList\",\"title\":\"List\",\"version\":101,\"permission\":\"page-view\",\"created\":1722511000,\"permanent\":true},\"17\":{\"name\":\"ProcessPageAdd\",\"title\":\"Page Add\",\"version\":109,\"icon\":\"plus-circle\",\"permission\":\"page-edit\",\"created\":1722511000,\"configurable\":3,\"permanent\":true,\"useNavJSON\":true},\"68\":{\"name\":\"ProcessRole\",\"title\":\"Roles\",\"version\":104,\"icon\":\"gears\",\"permission\":\"role-admin\",\"created\":1722511000,\"configurable\":3,\"permanent\":true,\"useNavJSON\":true},\"167\":{\"name\":\"ProcessLogger\",\"title\":\"Logs\",\"version\":2,\"icon\":\"tree\",\"permission\":\"logs-view\",\"singular\":1,\"created\":1722511017,\"useNavJSON\":true},\"87\":{\"name\":\"ProcessHome\",\"title\":\"Admin Home\",\"version\":101,\"permission\":\"page-view\",\"created\":1722511000,\"permanent\":true},\"50\":{\"name\":\"ProcessModule\",\"title\":\"Modules\",\"version\":120,\"permission\":\"module-admin\",\"created\":1722511000,\"permanent\":true,\"useNavJSON\":true,\"nav\":[{\"url\":\"?site#tab_site_modules\",\"label\":\"Site\",\"icon\":\"plug\",\"navJSON\":\"navJSON\\/?site=1\"},{\"url\":\"?core#tab_core_modules\",\"label\":\"Core\",\"icon\":\"plug\",\"navJSON\":\"navJSON\\/?core=1\"},{\"url\":\"?configurable#tab_configurable_modules\",\"label\":\"Configure\",\"icon\":\"gear\",\"navJSON\":\"navJSON\\/?configurable=1\"},{\"url\":\"?install#tab_install_modules\",\"label\":\"Install\",\"icon\":\"sign-in\",\"navJSON\":\"navJSON\\/?install=1\"},{\"url\":\"?new#tab_new_modules\",\"label\":\"New\",\"icon\":\"plus\"},{\"url\":\"?reset=1\",\"label\":\"Refresh\",\"icon\":\"refresh\"}]},\"14\":{\"name\":\"ProcessPageSort\",\"title\":\"Page Sort and Move\",\"version\":100,\"permission\":\"page-edit\",\"created\":1722511000,\"permanent\":true},\"134\":{\"name\":\"ProcessPageType\",\"title\":\"Page Type\",\"version\":101,\"singular\":1,\"created\":1722511000,\"configurable\":3,\"permanent\":true,\"useNavJSON\":true,\"addFlag\":32},\"150\":{\"name\":\"ProcessPageLister\",\"title\":\"Lister\",\"version\":26,\"icon\":\"search\",\"permission\":\"page-lister\",\"created\":1722511000,\"configurable\":true,\"permanent\":true,\"useNavJSON\":true,\"addFlag\":32},\"165\":{\"name\":\"ProcessRecentPages\",\"title\":\"Recent Pages\",\"version\":2,\"icon\":\"clock-o\",\"permission\":\"page-edit-recent\",\"singular\":1,\"created\":1722511016,\"useNavJSON\":true,\"nav\":[{\"url\":\"?edited=1\",\"label\":\"Edited\",\"icon\":\"users\",\"navJSON\":\"navJSON\\/?edited=1\"},{\"url\":\"?added=1\",\"label\":\"Created\",\"icon\":\"users\",\"navJSON\":\"navJSON\\/?added=1\"},{\"url\":\"?edited=1&me=1\",\"label\":\"Edited by me\",\"icon\":\"user\",\"navJSON\":\"navJSON\\/?edited=1&me=1\"},{\"url\":\"?added=1&me=1\",\"label\":\"Created by me\",\"icon\":\"user\",\"navJSON\":\"navJSON\\/?added=1&me=1\"},{\"url\":\"another\\/\",\"label\":\"Add another\",\"icon\":\"plus-circle\",\"navJSON\":\"anotherNavJSON\\/\"}]},\"83\":{\"name\":\"ProcessPageView\",\"title\":\"Page View\",\"version\":106,\"permission\":\"page-view\",\"created\":1722511000,\"permanent\":true},\"109\":{\"name\":\"ProcessPageTrash\",\"title\":\"Page Trash\",\"version\":103,\"singular\":1,\"created\":1722511000,\"permanent\":true},\"138\":{\"name\":\"ProcessProfile\",\"title\":\"User Profile\",\"version\":105,\"permission\":\"profile-edit\",\"singular\":1,\"created\":1722511000,\"configurable\":3,\"permanent\":true},\"104\":{\"name\":\"ProcessPageSearch\",\"title\":\"Page Search\",\"version\":108,\"permission\":\"page-edit\",\"singular\":1,\"created\":1722511000,\"configurable\":3,\"permanent\":true},\"136\":{\"name\":\"ProcessPermission\",\"title\":\"Permissions\",\"version\":101,\"icon\":\"gear\",\"permission\":\"permission-admin\",\"singular\":1,\"created\":1722511000,\"configurable\":3,\"permanent\":true,\"useNavJSON\":true},\"66\":{\"name\":\"ProcessUser\",\"title\":\"Users\",\"version\":107,\"icon\":\"group\",\"permission\":\"user-admin\",\"created\":1722511000,\"configurable\":\"ProcessUserConfig.php\",\"permanent\":true,\"useNavJSON\":true},\"151\":{\"name\":\"JqueryMagnific\",\"title\":\"jQuery Magnific Popup\",\"version\":\"1.1.0\",\"singular\":1,\"created\":1722511000},\"117\":{\"name\":\"JqueryUI\",\"title\":\"jQuery UI\",\"version\":\"1.10.4\",\"singular\":true,\"created\":1722511000,\"permanent\":true},\"103\":{\"name\":\"JqueryTableSorter\",\"title\":\"jQuery Table Sorter Plugin\",\"version\":\"2.31.3\",\"singular\":1,\"created\":1722511000},\"116\":{\"name\":\"JqueryCore\",\"title\":\"jQuery Core\",\"version\":\"1.12.4\",\"singular\":true,\"created\":1722511000,\"permanent\":true},\"45\":{\"name\":\"JqueryWireTabs\",\"title\":\"jQuery Wire Tabs Plugin\",\"version\":110,\"created\":1722511000,\"configurable\":3,\"permanent\":true},\"139\":{\"name\":\"SystemUpdater\",\"title\":\"System Updater\",\"version\":20,\"singular\":true,\"created\":1722511000,\"configurable\":3,\"permanent\":true},\"112\":{\"name\":\"InputfieldPageTitle\",\"title\":\"Page Title\",\"version\":102,\"created\":1722511000,\"permanent\":true},\"37\":{\"name\":\"InputfieldCheckbox\",\"title\":\"Checkbox\",\"version\":106,\"created\":1722511000,\"permanent\":true},\"56\":{\"name\":\"InputfieldImage\",\"title\":\"Images\",\"version\":127,\"created\":1722511000,\"permanent\":true},\"80\":{\"name\":\"InputfieldEmail\",\"title\":\"Email\",\"version\":102,\"created\":1722511000},\"55\":{\"name\":\"InputfieldFile\",\"title\":\"Files\",\"version\":128,\"created\":1722511000,\"permanent\":true},\"79\":{\"name\":\"InputfieldMarkup\",\"title\":\"Markup\",\"version\":102,\"created\":1722511000,\"permanent\":true},\"36\":{\"name\":\"InputfieldSelect\",\"title\":\"Select\",\"version\":102,\"created\":1722511000,\"permanent\":true},\"43\":{\"name\":\"InputfieldSelectMultiple\",\"title\":\"Select Multiple\",\"version\":101,\"created\":1722511000,\"permanent\":true},\"94\":{\"name\":\"InputfieldDatetime\",\"title\":\"Datetime\",\"version\":107,\"created\":1722511000,\"permanent\":true},\"41\":{\"name\":\"InputfieldName\",\"title\":\"Name\",\"version\":100,\"created\":1722511000,\"permanent\":true},\"86\":{\"name\":\"InputfieldPageName\",\"title\":\"Page Name\",\"version\":106,\"created\":1722511000,\"configurable\":3,\"permanent\":true},\"15\":{\"name\":\"InputfieldPageListSelect\",\"title\":\"Page List Select\",\"version\":101,\"created\":1722511000,\"permanent\":true},\"137\":{\"name\":\"InputfieldPageListSelectMultiple\",\"title\":\"Page List Select Multiple\",\"version\":103,\"created\":1722511000,\"permanent\":true},\"169\":{\"name\":\"InputfieldTextTags\",\"title\":\"Text Tags\",\"version\":6,\"icon\":\"tags\",\"created\":1726924787},\"38\":{\"name\":\"InputfieldCheckboxes\",\"title\":\"Checkboxes\",\"version\":108,\"created\":1722511000,\"permanent\":true},\"131\":{\"name\":\"InputfieldButton\",\"title\":\"Button\",\"version\":100,\"created\":1722511000,\"permanent\":true},\"108\":{\"name\":\"InputfieldURL\",\"title\":\"URL\",\"version\":103,\"created\":1722511000},\"85\":{\"name\":\"InputfieldInteger\",\"title\":\"Integer\",\"version\":105,\"created\":1722511000,\"permanent\":true},\"34\":{\"name\":\"InputfieldText\",\"title\":\"Text\",\"version\":106,\"created\":1722511000,\"permanent\":true},\"35\":{\"name\":\"InputfieldTextarea\",\"title\":\"Textarea\",\"version\":103,\"created\":1722511000,\"permanent\":true},\"25\":{\"name\":\"InputfieldAsmSelect\",\"title\":\"asmSelect\",\"version\":203,\"created\":1722511000,\"permanent\":true},\"39\":{\"name\":\"InputfieldRadios\",\"title\":\"Radio Buttons\",\"version\":106,\"created\":1722511000,\"permanent\":true},\"168\":{\"name\":\"InputfieldIcon\",\"title\":\"Icon\",\"version\":3,\"created\":1722511017},\"149\":{\"name\":\"InputfieldSelector\",\"title\":\"Selector\",\"version\":28,\"autoload\":\"template=admin\",\"created\":1722511000,\"configurable\":3,\"addFlag\":32},\"60\":{\"name\":\"InputfieldPage\",\"title\":\"Page\",\"version\":108,\"created\":1722511000,\"configurable\":3,\"permanent\":true},\"170\":{\"name\":\"InputfieldPageAutocomplete\",\"title\":\"Page Auto Complete\",\"version\":113,\"created\":1727003733},\"90\":{\"name\":\"InputfieldFloat\",\"title\":\"Float\",\"version\":105,\"created\":1722511000,\"permanent\":true},\"78\":{\"name\":\"InputfieldFieldset\",\"title\":\"Fieldset\",\"version\":101,\"created\":1722511000,\"permanent\":true},\"155\":{\"name\":\"InputfieldTinyMCE\",\"title\":\"TinyMCE\",\"version\":616,\"icon\":\"keyboard-o\",\"requiresVersions\":{\"ProcessWire\":[\">=\",\"3.0.200\"],\"MarkupHTMLPurifier\":[\">=\",0]},\"created\":1722511000,\"configurable\":4},\"122\":{\"name\":\"InputfieldPassword\",\"title\":\"Password\",\"version\":102,\"created\":1722511000,\"permanent\":true},\"171\":{\"name\":\"InputfieldToggle\",\"title\":\"Toggle\",\"version\":1,\"created\":1727003797},\"32\":{\"name\":\"InputfieldSubmit\",\"title\":\"Submit\",\"version\":103,\"created\":1722511000,\"permanent\":true},\"40\":{\"name\":\"InputfieldHidden\",\"title\":\"Hidden\",\"version\":101,\"created\":1722511000,\"permanent\":true},\"30\":{\"name\":\"InputfieldForm\",\"title\":\"Form\",\"version\":107,\"created\":1722511000,\"permanent\":true},\"156\":{\"name\":\"MarkupHTMLPurifier\",\"title\":\"HTML Purifier\",\"version\":497,\"created\":1722511000},\"98\":{\"name\":\"MarkupPagerNav\",\"title\":\"Pager (Pagination) Navigation\",\"version\":105,\"created\":1722511000},\"67\":{\"name\":\"MarkupAdminDataTable\",\"title\":\"Admin Data Table\",\"version\":107,\"created\":1722511000,\"permanent\":true},\"113\":{\"name\":\"MarkupPageArray\",\"title\":\"PageArray Markup\",\"version\":100,\"autoload\":true,\"singular\":true,\"created\":1722511000},\"172\":{\"name\":\"FormBuilder\",\"title\":\"Form Builder\",\"version\":55,\"icon\":\"building\",\"requiresVersions\":{\"ProcessWire\":[\">=\",\"3.0.200\"]},\"installs\":[\"ProcessFormBuilder\",\"InputfieldFormBuilderFile\"],\"autoload\":true,\"singular\":true,\"created\":1727004817,\"configurable\":true},\"173\":{\"name\":\"ProcessFormBuilder\",\"title\":\"Forms\",\"version\":55,\"icon\":\"building\",\"requiresVersions\":{\"FormBuilder\":[\">=\",0]},\"permission\":\"form-builder\",\"singular\":1,\"created\":1727004817,\"useNavJSON\":true,\"nav\":[{\"url\":\"?entries\",\"label\":\"Entries\",\"icon\":\"server\",\"navJSON\":\"navJSON\\/?get=entries\"},{\"url\":\"?edit\",\"label\":\"Edit\",\"icon\":\"pencil-square-o\",\"navJSON\":\"navJSON\\/?get=edit\"},{\"url\":\"addForm\\/\",\"label\":\"Add New\",\"icon\":\"plus-circle\",\"permission\":\"form-builder-add\"}]},\"174\":{\"name\":\"InputfieldFormBuilderFile\",\"title\":\"File (for FormBuilder)\",\"version\":3,\"requiresVersions\":{\"FormBuilder\":[\">=\",0]},\"created\":1727004817},\"178\":{\"name\":\"ProcessAdminActions\",\"title\":\"Admin Actions\",\"version\":\"0.9.6\",\"icon\":\"wrench\",\"permission\":\"page-view\",\"singular\":true,\"configurable\":3,\"useNavJSON\":true,\"permissionMethod\":\"permissionCheck\"}}', '2010-04-08 03:10:01');

DROP TABLE IF EXISTS `field_admin_theme`;
CREATE TABLE `field_admin_theme` (
  `pages_id` int(10) unsigned NOT NULL,
  `data` int(11) NOT NULL,
  PRIMARY KEY (`pages_id`),
  KEY `data` (`data`)
) ENGINE=MyISAM DEFAULT CHARSET=utf8mb3 COLLATE=utf8mb3_general_ci;

INSERT INTO `field_admin_theme` (`pages_id`, `data`) VALUES('41', '166');

DROP TABLE IF EXISTS `field_age`;
CREATE TABLE `field_age` (
  `pages_id` int(10) unsigned NOT NULL,
  `data` int(10) unsigned NOT NULL,
  `sort` int(10) unsigned NOT NULL,
  PRIMARY KEY (`pages_id`,`sort`),
  KEY `data` (`data`)
) ENGINE=MyISAM DEFAULT CHARSET=utf8mb3 COLLATE=utf8mb3_general_ci;

INSERT INTO `field_age` (`pages_id`, `data`, `sort`) VALUES('1032', '2', '0');

DROP TABLE IF EXISTS `field_contact_person`;
CREATE TABLE `field_contact_person` (
  `pages_id` int(10) unsigned NOT NULL,
  `data` text NOT NULL,
  PRIMARY KEY (`pages_id`),
  KEY `data_exact` (`data`(250)),
  FULLTEXT KEY `data` (`data`)
) ENGINE=MyISAM DEFAULT CHARSET=utf8mb3 COLLATE=utf8mb3_general_ci;

INSERT INTO `field_contact_person` (`pages_id`, `data`) VALUES('1032', 'Max Muster');
INSERT INTO `field_contact_person` (`pages_id`, `data`) VALUES('1035', 'Heiri Meister');
INSERT INTO `field_contact_person` (`pages_id`, `data`) VALUES('1036', 'hansi');
INSERT INTO `field_contact_person` (`pages_id`, `data`) VALUES('1046', 'Max Muster');

DROP TABLE IF EXISTS `field_costs`;
CREATE TABLE `field_costs` (
  `pages_id` int(10) unsigned NOT NULL,
  `data` text NOT NULL,
  PRIMARY KEY (`pages_id`),
  KEY `data_exact` (`data`(250)),
  FULLTEXT KEY `data` (`data`)
) ENGINE=MyISAM DEFAULT CHARSET=utf8mb3 COLLATE=utf8mb3_general_ci;

INSERT INTO `field_costs` (`pages_id`, `data`) VALUES('1032', '10.- pro Kind');

DROP TABLE IF EXISTS `field_date_from`;
CREATE TABLE `field_date_from` (
  `pages_id` int(10) unsigned NOT NULL,
  `data` datetime NOT NULL,
  PRIMARY KEY (`pages_id`),
  KEY `data` (`data`)
) ENGINE=MyISAM DEFAULT CHARSET=utf8mb3 COLLATE=utf8mb3_general_ci;

INSERT INTO `field_date_from` (`pages_id`, `data`) VALUES('1032', '2024-10-05 00:00:00');
INSERT INTO `field_date_from` (`pages_id`, `data`) VALUES('1042', '2024-10-27 00:00:00');
INSERT INTO `field_date_from` (`pages_id`, `data`) VALUES('1044', '2024-10-27 00:00:00');

DROP TABLE IF EXISTS `field_date_to`;
CREATE TABLE `field_date_to` (
  `pages_id` int(10) unsigned NOT NULL,
  `data` datetime NOT NULL,
  PRIMARY KEY (`pages_id`),
  KEY `data` (`data`)
) ENGINE=MyISAM DEFAULT CHARSET=utf8mb3 COLLATE=utf8mb3_general_ci;

INSERT INTO `field_date_to` (`pages_id`, `data`) VALUES('1032', '2024-10-06 00:00:00');
INSERT INTO `field_date_to` (`pages_id`, `data`) VALUES('1042', '2024-10-28 00:00:00');

DROP TABLE IF EXISTS `field_email`;
CREATE TABLE `field_email` (
  `pages_id` int(10) unsigned NOT NULL,
  `data` varchar(250) NOT NULL DEFAULT '',
  PRIMARY KEY (`pages_id`),
  KEY `data_exact` (`data`),
  FULLTEXT KEY `data` (`data`)
) ENGINE=MyISAM DEFAULT CHARSET=utf8mb3 COLLATE=utf8mb3_general_ci;

INSERT INTO `field_email` (`pages_id`, `data`) VALUES('41', 'lu@fireup.ch');

DROP TABLE IF EXISTS `field_email_address`;
CREATE TABLE `field_email_address` (
  `pages_id` int(10) unsigned NOT NULL,
  `data` varchar(250) NOT NULL DEFAULT '',
  PRIMARY KEY (`pages_id`),
  KEY `data_exact` (`data`),
  FULLTEXT KEY `data` (`data`)
) ENGINE=MyISAM DEFAULT CHARSET=utf8mb3 COLLATE=utf8mb3_general_ci;

INSERT INTO `field_email_address` (`pages_id`, `data`) VALUES('1032', 'max@exmaple.com');
INSERT INTO `field_email_address` (`pages_id`, `data`) VALUES('1035', 'heiri@example.com');
INSERT INTO `field_email_address` (`pages_id`, `data`) VALUES('1046', 'max@muster.com');

DROP TABLE IF EXISTS `field_image`;
CREATE TABLE `field_image` (
  `pages_id` int(10) unsigned NOT NULL,
  `data` varchar(250) NOT NULL,
  `sort` int(10) unsigned NOT NULL,
  `description` text NOT NULL,
  `modified` datetime DEFAULT NULL,
  `created` datetime DEFAULT NULL,
  `filedata` mediumtext DEFAULT NULL,
  `filesize` int(11) DEFAULT NULL,
  `created_users_id` int(10) unsigned NOT NULL DEFAULT 0,
  `modified_users_id` int(10) unsigned NOT NULL DEFAULT 0,
  `width` int(11) DEFAULT NULL,
  `height` int(11) DEFAULT NULL,
  `ratio` decimal(4,2) DEFAULT NULL,
  PRIMARY KEY (`pages_id`,`sort`),
  KEY `data` (`data`),
  KEY `modified` (`modified`),
  KEY `created` (`created`),
  KEY `filesize` (`filesize`),
  KEY `width` (`width`),
  KEY `height` (`height`),
  KEY `ratio` (`ratio`),
  FULLTEXT KEY `description` (`description`),
  FULLTEXT KEY `filedata` (`filedata`)
) ENGINE=MyISAM DEFAULT CHARSET=utf8mb3 COLLATE=utf8mb3_general_ci;


DROP TABLE IF EXISTS `field_location`;
CREATE TABLE `field_location` (
  `pages_id` int(10) unsigned NOT NULL,
  `data` int(10) unsigned NOT NULL,
  `sort` int(10) unsigned NOT NULL,
  PRIMARY KEY (`pages_id`,`sort`),
  KEY `data` (`data`)
) ENGINE=MyISAM DEFAULT CHARSET=utf8mb3 COLLATE=utf8mb3_general_ci;

INSERT INTO `field_location` (`pages_id`, `data`, `sort`) VALUES('1039', '1', '0');
INSERT INTO `field_location` (`pages_id`, `data`, `sort`) VALUES('1042', '2', '0');

DROP TABLE IF EXISTS `field_offer_type`;
CREATE TABLE `field_offer_type` (
  `pages_id` int(10) unsigned NOT NULL,
  `data` int(10) unsigned NOT NULL,
  `sort` int(10) unsigned NOT NULL,
  PRIMARY KEY (`pages_id`,`sort`),
  KEY `data` (`data`)
) ENGINE=MyISAM DEFAULT CHARSET=utf8mb3 COLLATE=utf8mb3_general_ci;

INSERT INTO `field_offer_type` (`pages_id`, `data`, `sort`) VALUES('1032', '1', '0');

DROP TABLE IF EXISTS `field_pass`;
CREATE TABLE `field_pass` (
  `pages_id` int(10) unsigned NOT NULL,
  `data` char(40) NOT NULL,
  `salt` char(32) NOT NULL,
  PRIMARY KEY (`pages_id`),
  KEY `data` (`data`)
) ENGINE=MyISAM DEFAULT CHARSET=ascii COLLATE=ascii_general_ci;

INSERT INTO `field_pass` (`pages_id`, `data`, `salt`) VALUES('41', 'KTrMZoeZfb0z7JdionAp5m5V7WymTmu', '$2y$11$BuSvXPwcCCD5FuJ7G2IQNO');
INSERT INTO `field_pass` (`pages_id`, `data`, `salt`) VALUES('40', '', '');

DROP TABLE IF EXISTS `field_permissions`;
CREATE TABLE `field_permissions` (
  `pages_id` int(10) unsigned NOT NULL,
  `data` int(11) NOT NULL,
  `sort` int(10) unsigned NOT NULL,
  PRIMARY KEY (`pages_id`,`sort`),
  KEY `data` (`data`,`pages_id`,`sort`)
) ENGINE=MyISAM DEFAULT CHARSET=utf8mb3 COLLATE=utf8mb3_general_ci;

INSERT INTO `field_permissions` (`pages_id`, `data`, `sort`) VALUES('38', '32', '1');
INSERT INTO `field_permissions` (`pages_id`, `data`, `sort`) VALUES('38', '34', '2');
INSERT INTO `field_permissions` (`pages_id`, `data`, `sort`) VALUES('38', '35', '3');
INSERT INTO `field_permissions` (`pages_id`, `data`, `sort`) VALUES('37', '36', '0');
INSERT INTO `field_permissions` (`pages_id`, `data`, `sort`) VALUES('38', '36', '0');
INSERT INTO `field_permissions` (`pages_id`, `data`, `sort`) VALUES('38', '50', '4');
INSERT INTO `field_permissions` (`pages_id`, `data`, `sort`) VALUES('38', '51', '5');
INSERT INTO `field_permissions` (`pages_id`, `data`, `sort`) VALUES('38', '52', '7');
INSERT INTO `field_permissions` (`pages_id`, `data`, `sort`) VALUES('38', '53', '8');
INSERT INTO `field_permissions` (`pages_id`, `data`, `sort`) VALUES('38', '54', '6');

DROP TABLE IF EXISTS `field_phone`;
CREATE TABLE `field_phone` (
  `pages_id` int(10) unsigned NOT NULL,
  `data` text NOT NULL,
  PRIMARY KEY (`pages_id`),
  KEY `data_exact` (`data`(250)),
  FULLTEXT KEY `data` (`data`)
) ENGINE=MyISAM DEFAULT CHARSET=utf8mb3 COLLATE=utf8mb3_general_ci;

INSERT INTO `field_phone` (`pages_id`, `data`) VALUES('1046', '079 999 99 99');

DROP TABLE IF EXISTS `field_process`;
CREATE TABLE `field_process` (
  `pages_id` int(11) NOT NULL DEFAULT 0,
  `data` int(11) NOT NULL DEFAULT 0,
  PRIMARY KEY (`pages_id`),
  KEY `data` (`data`)
) ENGINE=MyISAM DEFAULT CHARSET=utf8mb3 COLLATE=utf8mb3_general_ci;

INSERT INTO `field_process` (`pages_id`, `data`) VALUES('6', '17');
INSERT INTO `field_process` (`pages_id`, `data`) VALUES('3', '12');
INSERT INTO `field_process` (`pages_id`, `data`) VALUES('8', '12');
INSERT INTO `field_process` (`pages_id`, `data`) VALUES('9', '14');
INSERT INTO `field_process` (`pages_id`, `data`) VALUES('10', '7');
INSERT INTO `field_process` (`pages_id`, `data`) VALUES('11', '47');
INSERT INTO `field_process` (`pages_id`, `data`) VALUES('16', '48');
INSERT INTO `field_process` (`pages_id`, `data`) VALUES('300', '104');
INSERT INTO `field_process` (`pages_id`, `data`) VALUES('21', '50');
INSERT INTO `field_process` (`pages_id`, `data`) VALUES('29', '66');
INSERT INTO `field_process` (`pages_id`, `data`) VALUES('23', '10');
INSERT INTO `field_process` (`pages_id`, `data`) VALUES('304', '138');
INSERT INTO `field_process` (`pages_id`, `data`) VALUES('31', '136');
INSERT INTO `field_process` (`pages_id`, `data`) VALUES('22', '76');
INSERT INTO `field_process` (`pages_id`, `data`) VALUES('30', '68');
INSERT INTO `field_process` (`pages_id`, `data`) VALUES('303', '129');
INSERT INTO `field_process` (`pages_id`, `data`) VALUES('2', '87');
INSERT INTO `field_process` (`pages_id`, `data`) VALUES('302', '121');
INSERT INTO `field_process` (`pages_id`, `data`) VALUES('301', '109');
INSERT INTO `field_process` (`pages_id`, `data`) VALUES('28', '76');
INSERT INTO `field_process` (`pages_id`, `data`) VALUES('1007', '150');
INSERT INTO `field_process` (`pages_id`, `data`) VALUES('1010', '165');
INSERT INTO `field_process` (`pages_id`, `data`) VALUES('1012', '167');
INSERT INTO `field_process` (`pages_id`, `data`) VALUES('1023', '173');
INSERT INTO `field_process` (`pages_id`, `data`) VALUES('1047', '178');

DROP TABLE IF EXISTS `field_roles`;
CREATE TABLE `field_roles` (
  `pages_id` int(10) unsigned NOT NULL,
  `data` int(11) NOT NULL,
  `sort` int(10) unsigned NOT NULL,
  PRIMARY KEY (`pages_id`,`sort`),
  KEY `data` (`data`,`pages_id`,`sort`)
) ENGINE=MyISAM DEFAULT CHARSET=utf8mb3 COLLATE=utf8mb3_general_ci;

INSERT INTO `field_roles` (`pages_id`, `data`, `sort`) VALUES('40', '37', '0');
INSERT INTO `field_roles` (`pages_id`, `data`, `sort`) VALUES('41', '37', '0');
INSERT INTO `field_roles` (`pages_id`, `data`, `sort`) VALUES('41', '38', '2');

DROP TABLE IF EXISTS `field_school_offer`;
CREATE TABLE `field_school_offer` (
  `pages_id` int(10) unsigned NOT NULL,
  `data` tinyint(4) NOT NULL,
  PRIMARY KEY (`pages_id`),
  KEY `data` (`data`)
) ENGINE=MyISAM DEFAULT CHARSET=utf8mb3 COLLATE=utf8mb3_general_ci;


DROP TABLE IF EXISTS `field_text`;
CREATE TABLE `field_text` (
  `pages_id` int(10) unsigned NOT NULL,
  `data` mediumtext NOT NULL,
  PRIMARY KEY (`pages_id`),
  KEY `data_exact` (`data`(250)),
  FULLTEXT KEY `data` (`data`)
) ENGINE=MyISAM DEFAULT CHARSET=utf8mb3 COLLATE=utf8mb3_general_ci;

INSERT INTO `field_text` (`pages_id`, `data`) VALUES('1032', 'Laboris deserunt reprehenderit officia eiusmod eiusmod duis. Culpa ipsum velit est ad pariatur eu Lorem culpa duis officia anim nulla. Minim ad cillum reprehenderit incididunt quis sint sit reprehenderit laboris anim deserunt mollit sit incididunt non. Officia excepteur voluptate consectetur duis mollit nostrud ea id nostrud. Labore deserunt reprehenderit officia ut consequat irure eu cupidatat elit amet. Cillum adipisicing voluptate officia tempor labore do aute. Nisi nisi nisi ullamco do labore sunt dolore aliquip aliquip ea enim ea non commodo sint. Laboris occaecat ullamco anim irure quis eu irure.');
INSERT INTO `field_text` (`pages_id`, `data`) VALUES('1046', 'ich suche bla bla.....');
INSERT INTO `field_text` (`pages_id`, `data`) VALUES('1044', 'test');

DROP TABLE IF EXISTS `field_time_from`;
CREATE TABLE `field_time_from` (
  `pages_id` int(10) unsigned NOT NULL,
  `data` datetime NOT NULL,
  PRIMARY KEY (`pages_id`),
  KEY `data` (`data`)
) ENGINE=MyISAM DEFAULT CHARSET=utf8mb3 COLLATE=utf8mb3_general_ci;

INSERT INTO `field_time_from` (`pages_id`, `data`) VALUES('1032', '2010-04-08 17:49:00');
INSERT INTO `field_time_from` (`pages_id`, `data`) VALUES('1042', '2024-10-27 12:00:00');
INSERT INTO `field_time_from` (`pages_id`, `data`) VALUES('1044', '2010-04-08 17:49:00');

DROP TABLE IF EXISTS `field_time_to`;
CREATE TABLE `field_time_to` (
  `pages_id` int(10) unsigned NOT NULL,
  `data` datetime NOT NULL,
  PRIMARY KEY (`pages_id`),
  KEY `data` (`data`)
) ENGINE=MyISAM DEFAULT CHARSET=utf8mb3 COLLATE=utf8mb3_general_ci;

INSERT INTO `field_time_to` (`pages_id`, `data`) VALUES('1032', '2010-04-08 20:55:00');
INSERT INTO `field_time_to` (`pages_id`, `data`) VALUES('1042', '2024-10-27 11:00:00');

DROP TABLE IF EXISTS `field_title`;
CREATE TABLE `field_title` (
  `pages_id` int(10) unsigned NOT NULL,
  `data` text NOT NULL,
  PRIMARY KEY (`pages_id`),
  KEY `data_exact` (`data`(255)),
  FULLTEXT KEY `data` (`data`)
) ENGINE=MyISAM DEFAULT CHARSET=utf8mb3 COLLATE=utf8mb3_general_ci;

INSERT INTO `field_title` (`pages_id`, `data`) VALUES('11', 'Templates');
INSERT INTO `field_title` (`pages_id`, `data`) VALUES('16', 'Fields');
INSERT INTO `field_title` (`pages_id`, `data`) VALUES('22', 'Setup');
INSERT INTO `field_title` (`pages_id`, `data`) VALUES('3', 'Pages');
INSERT INTO `field_title` (`pages_id`, `data`) VALUES('6', 'Add Page');
INSERT INTO `field_title` (`pages_id`, `data`) VALUES('8', 'Tree');
INSERT INTO `field_title` (`pages_id`, `data`) VALUES('9', 'Save Sort');
INSERT INTO `field_title` (`pages_id`, `data`) VALUES('10', 'Edit');
INSERT INTO `field_title` (`pages_id`, `data`) VALUES('21', 'Modules');
INSERT INTO `field_title` (`pages_id`, `data`) VALUES('29', 'Users');
INSERT INTO `field_title` (`pages_id`, `data`) VALUES('30', 'Roles');
INSERT INTO `field_title` (`pages_id`, `data`) VALUES('2', 'Admin');
INSERT INTO `field_title` (`pages_id`, `data`) VALUES('7', 'Trash');
INSERT INTO `field_title` (`pages_id`, `data`) VALUES('27', '404 Not Found');
INSERT INTO `field_title` (`pages_id`, `data`) VALUES('302', 'Insert Link');
INSERT INTO `field_title` (`pages_id`, `data`) VALUES('23', 'Login');
INSERT INTO `field_title` (`pages_id`, `data`) VALUES('304', 'Profile');
INSERT INTO `field_title` (`pages_id`, `data`) VALUES('301', 'Empty Trash');
INSERT INTO `field_title` (`pages_id`, `data`) VALUES('300', 'Search');
INSERT INTO `field_title` (`pages_id`, `data`) VALUES('303', 'Insert Image');
INSERT INTO `field_title` (`pages_id`, `data`) VALUES('28', 'Access');
INSERT INTO `field_title` (`pages_id`, `data`) VALUES('31', 'Permissions');
INSERT INTO `field_title` (`pages_id`, `data`) VALUES('32', 'Edit pages');
INSERT INTO `field_title` (`pages_id`, `data`) VALUES('34', 'Delete pages');
INSERT INTO `field_title` (`pages_id`, `data`) VALUES('35', 'Move pages (change parent)');
INSERT INTO `field_title` (`pages_id`, `data`) VALUES('36', 'View pages');
INSERT INTO `field_title` (`pages_id`, `data`) VALUES('50', 'Sort child pages');
INSERT INTO `field_title` (`pages_id`, `data`) VALUES('51', 'Change templates on pages');
INSERT INTO `field_title` (`pages_id`, `data`) VALUES('52', 'Administer users');
INSERT INTO `field_title` (`pages_id`, `data`) VALUES('53', 'User can update profile/password');
INSERT INTO `field_title` (`pages_id`, `data`) VALUES('54', 'Lock or unlock a page');
INSERT INTO `field_title` (`pages_id`, `data`) VALUES('1', 'Home');
INSERT INTO `field_title` (`pages_id`, `data`) VALUES('1006', 'Use Page Lister');
INSERT INTO `field_title` (`pages_id`, `data`) VALUES('1007', 'Find');
INSERT INTO `field_title` (`pages_id`, `data`) VALUES('1010', 'Recent');
INSERT INTO `field_title` (`pages_id`, `data`) VALUES('1011', 'Can see recently edited pages');
INSERT INTO `field_title` (`pages_id`, `data`) VALUES('1012', 'Logs');
INSERT INTO `field_title` (`pages_id`, `data`) VALUES('1013', 'Can view system logs');
INSERT INTO `field_title` (`pages_id`, `data`) VALUES('1014', 'Can manage system logs');
INSERT INTO `field_title` (`pages_id`, `data`) VALUES('1015', 'ber uns');
INSERT INTO `field_title` (`pages_id`, `data`) VALUES('1016', 'Ich biete');
INSERT INTO `field_title` (`pages_id`, `data`) VALUES('1017', 'Ich suche');
INSERT INTO `field_title` (`pages_id`, `data`) VALUES('1018', 'Agenda');
INSERT INTO `field_title` (`pages_id`, `data`) VALUES('1019', 'Angebote');
INSERT INTO `field_title` (`pages_id`, `data`) VALUES('1020', 'Form Builder');
INSERT INTO `field_title` (`pages_id`, `data`) VALUES('1021', 'Access Form Builder admin page');
INSERT INTO `field_title` (`pages_id`, `data`) VALUES('1022', 'Add new or import Form Builder forms');
INSERT INTO `field_title` (`pages_id`, `data`) VALUES('1023', 'Forms');
INSERT INTO `field_title` (`pages_id`, `data`) VALUES('1032', 'Bcher');
INSERT INTO `field_title` (`pages_id`, `data`) VALUES('1030', 'Eintrge');
INSERT INTO `field_title` (`pages_id`, `data`) VALUES('1029', 'Formular');
INSERT INTO `field_title` (`pages_id`, `data`) VALUES('1033', 'Eintrge');
INSERT INTO `field_title` (`pages_id`, `data`) VALUES('1034', 'Eintrge');
INSERT INTO `field_title` (`pages_id`, `data`) VALUES('1035', 'Schlittschuhe');
INSERT INTO `field_title` (`pages_id`, `data`) VALUES('1036', 'Biete Angebot');
INSERT INTO `field_title` (`pages_id`, `data`) VALUES('1037', 'Formular');
INSERT INTO `field_title` (`pages_id`, `data`) VALUES('1038', 'Formular');
INSERT INTO `field_title` (`pages_id`, `data`) VALUES('1039', '2024-10-27 15:39:22');
INSERT INTO `field_title` (`pages_id`, `data`) VALUES('1040', '2024-10-27 15:41:19');
INSERT INTO `field_title` (`pages_id`, `data`) VALUES('1041', '2024-10-27 15:42:55');
INSERT INTO `field_title` (`pages_id`, `data`) VALUES('1042', '2024-10-27 15:44:36');
INSERT INTO `field_title` (`pages_id`, `data`) VALUES('1046', 'Schlittschuhe');
INSERT INTO `field_title` (`pages_id`, `data`) VALUES('1044', 'Veranstaltung');
INSERT INTO `field_title` (`pages_id`, `data`) VALUES('1045', 'Repeaters');
INSERT INTO `field_title` (`pages_id`, `data`) VALUES('1047', 'Admin Actions');
INSERT INTO `field_title` (`pages_id`, `data`) VALUES('1048', 'Run selected AdminActions actions');
INSERT INTO `field_title` (`pages_id`, `data`) VALUES('1049', 'Run AdminActions restore feature');

DROP TABLE IF EXISTS `field_type`;
CREATE TABLE `field_type` (
  `pages_id` int(10) unsigned NOT NULL,
  `data` int(10) unsigned NOT NULL,
  `sort` int(10) unsigned NOT NULL,
  PRIMARY KEY (`pages_id`,`sort`),
  KEY `data` (`data`)
) ENGINE=MyISAM DEFAULT CHARSET=utf8mb3 COLLATE=utf8mb3_general_ci;


DROP TABLE IF EXISTS `field_website`;
CREATE TABLE `field_website` (
  `pages_id` int(10) unsigned NOT NULL,
  `data` text NOT NULL,
  PRIMARY KEY (`pages_id`),
  KEY `data_exact` (`data`(250)),
  FULLTEXT KEY `data` (`data`)
) ENGINE=MyISAM DEFAULT CHARSET=utf8mb3 COLLATE=utf8mb3_general_ci;


DROP TABLE IF EXISTS `field_weekday`;
CREATE TABLE `field_weekday` (
  `pages_id` int(10) unsigned NOT NULL,
  `data` int(10) unsigned NOT NULL,
  `sort` int(10) unsigned NOT NULL,
  PRIMARY KEY (`pages_id`,`sort`),
  KEY `data` (`data`)
) ENGINE=MyISAM DEFAULT CHARSET=utf8mb3 COLLATE=utf8mb3_general_ci;

INSERT INTO `field_weekday` (`pages_id`, `data`, `sort`) VALUES('1032', '2', '0');
INSERT INTO `field_weekday` (`pages_id`, `data`, `sort`) VALUES('1032', '5', '1');
INSERT INTO `field_weekday` (`pages_id`, `data`, `sort`) VALUES('1042', '4', '0');
INSERT INTO `field_weekday` (`pages_id`, `data`, `sort`) VALUES('1042', '6', '1');

DROP TABLE IF EXISTS `fieldgroups`;
CREATE TABLE `fieldgroups` (
  `id` int(10) unsigned NOT NULL AUTO_INCREMENT,
  `name` varchar(250) CHARACTER SET ascii COLLATE ascii_general_ci NOT NULL,
  PRIMARY KEY (`id`),
  UNIQUE KEY `name` (`name`)
) ENGINE=MyISAM AUTO_INCREMENT=113 DEFAULT CHARSET=utf8mb3 COLLATE=utf8mb3_general_ci;

INSERT INTO `fieldgroups` (`id`, `name`) VALUES('2', 'admin');
INSERT INTO `fieldgroups` (`id`, `name`) VALUES('3', 'user');
INSERT INTO `fieldgroups` (`id`, `name`) VALUES('4', 'role');
INSERT INTO `fieldgroups` (`id`, `name`) VALUES('5', 'permission');
INSERT INTO `fieldgroups` (`id`, `name`) VALUES('1', 'home');
INSERT INTO `fieldgroups` (`id`, `name`) VALUES('83', 'basic-page');
INSERT INTO `fieldgroups` (`id`, `name`) VALUES('97', 'i-offer');
INSERT INTO `fieldgroups` (`id`, `name`) VALUES('98', 'im-looking-for');
INSERT INTO `fieldgroups` (`id`, `name`) VALUES('99', 'offers');
INSERT INTO `fieldgroups` (`id`, `name`) VALUES('100', 'agenda');
INSERT INTO `fieldgroups` (`id`, `name`) VALUES('101', 'about-us');
INSERT INTO `fieldgroups` (`id`, `name`) VALUES('109', 'entries');
INSERT INTO `fieldgroups` (`id`, `name`) VALUES('103', 'form-builder');
INSERT INTO `fieldgroups` (`id`, `name`) VALUES('110', 'i-offer-form');
INSERT INTO `fieldgroups` (`id`, `name`) VALUES('108', 'entry');
INSERT INTO `fieldgroups` (`id`, `name`) VALUES('107', 'im-looking-for-form');
INSERT INTO `fieldgroups` (`id`, `name`) VALUES('111', 'offers-form');
INSERT INTO `fieldgroups` (`id`, `name`) VALUES('112', 'agenda-entry');

DROP TABLE IF EXISTS `fieldgroups_fields`;
CREATE TABLE `fieldgroups_fields` (
  `fieldgroups_id` int(10) unsigned NOT NULL DEFAULT 0,
  `fields_id` int(10) unsigned NOT NULL DEFAULT 0,
  `sort` int(11) unsigned NOT NULL DEFAULT 0,
  `data` text DEFAULT NULL,
  PRIMARY KEY (`fieldgroups_id`,`fields_id`)
) ENGINE=MyISAM DEFAULT CHARSET=utf8mb3 COLLATE=utf8mb3_general_ci;

INSERT INTO `fieldgroups_fields` (`fieldgroups_id`, `fields_id`, `sort`, `data`) VALUES('2', '2', '1', NULL);
INSERT INTO `fieldgroups_fields` (`fieldgroups_id`, `fields_id`, `sort`, `data`) VALUES('2', '1', '0', NULL);
INSERT INTO `fieldgroups_fields` (`fieldgroups_id`, `fields_id`, `sort`, `data`) VALUES('3', '4', '2', NULL);
INSERT INTO `fieldgroups_fields` (`fieldgroups_id`, `fields_id`, `sort`, `data`) VALUES('3', '92', '1', NULL);
INSERT INTO `fieldgroups_fields` (`fieldgroups_id`, `fields_id`, `sort`, `data`) VALUES('4', '5', '0', NULL);
INSERT INTO `fieldgroups_fields` (`fieldgroups_id`, `fields_id`, `sort`, `data`) VALUES('5', '1', '0', NULL);
INSERT INTO `fieldgroups_fields` (`fieldgroups_id`, `fields_id`, `sort`, `data`) VALUES('3', '3', '0', NULL);
INSERT INTO `fieldgroups_fields` (`fieldgroups_id`, `fields_id`, `sort`, `data`) VALUES('83', '1', '0', NULL);
INSERT INTO `fieldgroups_fields` (`fieldgroups_id`, `fields_id`, `sort`, `data`) VALUES('1', '1', '0', NULL);
INSERT INTO `fieldgroups_fields` (`fieldgroups_id`, `fields_id`, `sort`, `data`) VALUES('3', '97', '3', NULL);
INSERT INTO `fieldgroups_fields` (`fieldgroups_id`, `fields_id`, `sort`, `data`) VALUES('97', '1', '0', NULL);
INSERT INTO `fieldgroups_fields` (`fieldgroups_id`, `fields_id`, `sort`, `data`) VALUES('98', '1', '0', NULL);
INSERT INTO `fieldgroups_fields` (`fieldgroups_id`, `fields_id`, `sort`, `data`) VALUES('99', '1', '0', NULL);
INSERT INTO `fieldgroups_fields` (`fieldgroups_id`, `fields_id`, `sort`, `data`) VALUES('100', '1', '0', NULL);
INSERT INTO `fieldgroups_fields` (`fieldgroups_id`, `fields_id`, `sort`, `data`) VALUES('101', '1', '0', NULL);
INSERT INTO `fieldgroups_fields` (`fieldgroups_id`, `fields_id`, `sort`, `data`) VALUES('108', '115', '12', NULL);
INSERT INTO `fieldgroups_fields` (`fieldgroups_id`, `fields_id`, `sort`, `data`) VALUES('108', '117', '9', NULL);
INSERT INTO `fieldgroups_fields` (`fieldgroups_id`, `fields_id`, `sort`, `data`) VALUES('108', '112', '10', NULL);
INSERT INTO `fieldgroups_fields` (`fieldgroups_id`, `fields_id`, `sort`, `data`) VALUES('103', '1', '0', NULL);
INSERT INTO `fieldgroups_fields` (`fieldgroups_id`, `fields_id`, `sort`, `data`) VALUES('108', '114', '13', NULL);
INSERT INTO `fieldgroups_fields` (`fieldgroups_id`, `fields_id`, `sort`, `data`) VALUES('108', '113', '11', NULL);
INSERT INTO `fieldgroups_fields` (`fieldgroups_id`, `fields_id`, `sort`, `data`) VALUES('108', '111', '8', '{\"columnWidth\":50}');
INSERT INTO `fieldgroups_fields` (`fieldgroups_id`, `fields_id`, `sort`, `data`) VALUES('107', '1', '0', NULL);
INSERT INTO `fieldgroups_fields` (`fieldgroups_id`, `fields_id`, `sort`, `data`) VALUES('108', '110', '7', '{\"columnWidth\":50}');
INSERT INTO `fieldgroups_fields` (`fieldgroups_id`, `fields_id`, `sort`, `data`) VALUES('108', '109', '6', '{\"columnWidth\":50}');
INSERT INTO `fieldgroups_fields` (`fieldgroups_id`, `fields_id`, `sort`, `data`) VALUES('108', '108', '5', '{\"columnWidth\":50}');
INSERT INTO `fieldgroups_fields` (`fieldgroups_id`, `fields_id`, `sort`, `data`) VALUES('108', '101', '4', NULL);
INSERT INTO `fieldgroups_fields` (`fieldgroups_id`, `fields_id`, `sort`, `data`) VALUES('108', '118', '3', NULL);
INSERT INTO `fieldgroups_fields` (`fieldgroups_id`, `fields_id`, `sort`, `data`) VALUES('109', '1', '0', NULL);
INSERT INTO `fieldgroups_fields` (`fieldgroups_id`, `fields_id`, `sort`, `data`) VALUES('110', '1', '0', NULL);
INSERT INTO `fieldgroups_fields` (`fieldgroups_id`, `fields_id`, `sort`, `data`) VALUES('111', '1', '0', NULL);
INSERT INTO `fieldgroups_fields` (`fieldgroups_id`, `fields_id`, `sort`, `data`) VALUES('108', '103', '2', NULL);
INSERT INTO `fieldgroups_fields` (`fieldgroups_id`, `fields_id`, `sort`, `data`) VALUES('108', '1', '0', '{\"label\":\"Titel\"}');
INSERT INTO `fieldgroups_fields` (`fieldgroups_id`, `fields_id`, `sort`, `data`) VALUES('108', '102', '1', NULL);
INSERT INTO `fieldgroups_fields` (`fieldgroups_id`, `fields_id`, `sort`, `data`) VALUES('112', '1', '0', NULL);
INSERT INTO `fieldgroups_fields` (`fieldgroups_id`, `fields_id`, `sort`, `data`) VALUES('112', '108', '1', NULL);
INSERT INTO `fieldgroups_fields` (`fieldgroups_id`, `fields_id`, `sort`, `data`) VALUES('112', '109', '2', NULL);
INSERT INTO `fieldgroups_fields` (`fieldgroups_id`, `fields_id`, `sort`, `data`) VALUES('112', '101', '3', NULL);

DROP TABLE IF EXISTS `fields`;
CREATE TABLE `fields` (
  `id` int(10) unsigned NOT NULL AUTO_INCREMENT,
  `type` varchar(128) CHARACTER SET ascii COLLATE ascii_general_ci NOT NULL,
  `name` varchar(250) CHARACTER SET ascii COLLATE ascii_general_ci NOT NULL,
  `flags` int(11) NOT NULL DEFAULT 0,
  `label` varchar(250) NOT NULL DEFAULT '',
  `data` text NOT NULL,
  PRIMARY KEY (`id`),
  UNIQUE KEY `name` (`name`),
  KEY `type` (`type`)
) ENGINE=MyISAM AUTO_INCREMENT=119 DEFAULT CHARSET=utf8mb3 COLLATE=utf8mb3_general_ci;

INSERT INTO `fields` (`id`, `type`, `name`, `flags`, `label`, `data`) VALUES('1', 'FieldtypePageTitle', 'title', '13', 'Name', '{\"required\":1,\"textformatters\":[\"TextformatterEntities\"],\"size\":0,\"maxlength\":255,\"collapsed\":0,\"minlength\":0,\"showCount\":0}');
INSERT INTO `fields` (`id`, `type`, `name`, `flags`, `label`, `data`) VALUES('2', 'FieldtypeModule', 'process', '25', 'Process', '{\"description\":\"The process that is executed on this page. Since this is mostly used by ProcessWire internally, it is recommended that you don\'t change the value of this unless adding your own pages in the admin.\",\"collapsed\":1,\"required\":1,\"moduleTypes\":[\"Process\"],\"permanent\":1}');
INSERT INTO `fields` (`id`, `type`, `name`, `flags`, `label`, `data`) VALUES('3', 'FieldtypePassword', 'pass', '24', 'Set Password', '{\"collapsed\":1,\"size\":50,\"maxlength\":128}');
INSERT INTO `fields` (`id`, `type`, `name`, `flags`, `label`, `data`) VALUES('5', 'FieldtypePage', 'permissions', '24', 'Permissions', '{\"derefAsPage\":0,\"parent_id\":31,\"labelFieldName\":\"title\",\"inputfield\":\"InputfieldCheckboxes\"}');
INSERT INTO `fields` (`id`, `type`, `name`, `flags`, `label`, `data`) VALUES('4', 'FieldtypePage', 'roles', '24', 'Roles', '{\"derefAsPage\":0,\"parent_id\":30,\"labelFieldName\":\"name\",\"inputfield\":\"InputfieldCheckboxes\",\"description\":\"User will inherit the permissions assigned to each role. You may assign multiple roles to a user. When accessing a page, the user will only inherit permissions from the roles that are also assigned to the page\'s template.\"}');
INSERT INTO `fields` (`id`, `type`, `name`, `flags`, `label`, `data`) VALUES('92', 'FieldtypeEmail', 'email', '9', 'E-Mail Address', '{\"size\":70,\"maxlength\":255}');
INSERT INTO `fields` (`id`, `type`, `name`, `flags`, `label`, `data`) VALUES('97', 'FieldtypeModule', 'admin_theme', '8', 'Admin Theme', '{\"moduleTypes\":[\"AdminTheme\"],\"labelField\":\"title\",\"inputfieldClass\":\"InputfieldRadios\"}');
INSERT INTO `fields` (`id`, `type`, `name`, `flags`, `label`, `data`) VALUES('100', 'FieldtypeCheckbox', 'school_offer', '0', 'Angebot der Schule', '');
INSERT INTO `fields` (`id`, `type`, `name`, `flags`, `label`, `data`) VALUES('101', 'FieldtypeTextarea', 'text', '0', 'Text', '{\"textformatters\":[\"TextformatterEntities\"],\"minlength\":0,\"maxlength\":2048,\"showCount\":0,\"size\":0,\"inputfieldClass\":\"InputfieldTextarea\",\"contentType\":0,\"collapsed\":0,\"rows\":5}');
INSERT INTO `fields` (`id`, `type`, `name`, `flags`, `label`, `data`) VALUES('102', 'FieldtypeText', 'contact_person', '0', 'Kontaktperson', '{\"textformatters\":[\"TextformatterEntities\"]}');
INSERT INTO `fields` (`id`, `type`, `name`, `flags`, `label`, `data`) VALUES('103', 'FieldtypeEmail', 'email_address', '0', 'E-Mail', '{\"textformatters\":[\"TextformatterEntities\"]}');
INSERT INTO `fields` (`id`, `type`, `name`, `flags`, `label`, `data`) VALUES('104', 'FieldtypeURL', 'website', '0', 'Website', '{\"textformatters\":[\"TextformatterEntities\"]}');
INSERT INTO `fields` (`id`, `type`, `name`, `flags`, `label`, `data`) VALUES('105', 'FieldtypeImage', 'image', '0', 'Bild', '{\"fileSchema\":270,\"maxFiles\":1,\"textformatters\":\"TextformatterEntities\"}');
INSERT INTO `fields` (`id`, `type`, `name`, `flags`, `label`, `data`) VALUES('106', 'FieldtypeOptions', 'type', '0', 'Typ', '{\"inputfieldClass\":\"InputfieldSelect\",\"collapsed\":0}');
INSERT INTO `fields` (`id`, `type`, `name`, `flags`, `label`, `data`) VALUES('110', 'FieldtypeDatetime', 'date_to', '0', 'Datum bis', '{\"dateOutputFormat\":\"d.m.Y\",\"dateInputFormat\":\"Y-m-d\",\"inputType\":\"html\",\"htmlType\":\"date\",\"collapsed\":0,\"dateSelectFormat\":\"yMd\",\"yearFrom\":1924,\"yearTo\":2044,\"yearLock\":0,\"datepicker\":0,\"timeInputSelect\":0,\"size\":25}');
INSERT INTO `fields` (`id`, `type`, `name`, `flags`, `label`, `data`) VALUES('109', 'FieldtypeDatetime', 'time_from', '0', 'Zeit von', '{\"dateOutputFormat\":\"H:i\",\"timeInputFormat\":\"g:i a\",\"inputType\":\"html\",\"htmlType\":\"time\",\"collapsed\":0,\"dateSelectFormat\":\"yMd\",\"yearFrom\":1924,\"yearTo\":2044,\"yearLock\":0,\"datepicker\":0,\"timeInputSelect\":0,\"dateInputFormat\":\"Y-m-d\",\"size\":25}');
INSERT INTO `fields` (`id`, `type`, `name`, `flags`, `label`, `data`) VALUES('108', 'FieldtypeDatetime', 'date_from', '0', 'Datum von', '{\"dateOutputFormat\":\"d.m.y\",\"dateInputFormat\":\"Y-m-d\",\"inputType\":\"html\",\"htmlType\":\"date\",\"collapsed\":0,\"dateSelectFormat\":\"yMd\",\"yearFrom\":1924,\"yearTo\":2044,\"yearLock\":0,\"datepicker\":0,\"timeInputSelect\":0,\"size\":25}');
INSERT INTO `fields` (`id`, `type`, `name`, `flags`, `label`, `data`) VALUES('111', 'FieldtypeDatetime', 'time_to', '0', 'Zeit bis', '{\"dateOutputFormat\":\"H:i\",\"timeInputFormat\":\"g:i a\",\"inputType\":\"html\",\"htmlType\":\"time\",\"collapsed\":0,\"dateSelectFormat\":\"yMd\",\"yearFrom\":1924,\"yearTo\":2044,\"yearLock\":0,\"datepicker\":0,\"timeInputSelect\":0,\"dateInputFormat\":\"Y-m-d\",\"size\":25}');
INSERT INTO `fields` (`id`, `type`, `name`, `flags`, `label`, `data`) VALUES('112', 'FieldtypeOptions', 'weekday', '0', 'Wochentag', '{\"inputfieldClass\":\"InputfieldCheckboxes\",\"collapsed\":0,\"optionColumns\":0}');
INSERT INTO `fields` (`id`, `type`, `name`, `flags`, `label`, `data`) VALUES('113', 'FieldtypeOptions', 'age', '0', 'Alter', '{\"inputfieldClass\":\"InputfieldCheckboxes\",\"collapsed\":0,\"optionColumns\":0}');
INSERT INTO `fields` (`id`, `type`, `name`, `flags`, `label`, `data`) VALUES('114', 'FieldtypeOptions', 'offer_type', '0', 'Angebotstyp', '{\"inputfieldClass\":\"InputfieldSelect\",\"collapsed\":0}');
INSERT INTO `fields` (`id`, `type`, `name`, `flags`, `label`, `data`) VALUES('115', 'FieldtypeText', 'costs', '0', 'Kosten', '{\"textformatters\":[\"TextformatterEntities\"],\"collapsed\":0,\"minlength\":0,\"maxlength\":2048,\"showCount\":0,\"size\":0}');
INSERT INTO `fields` (`id`, `type`, `name`, `flags`, `label`, `data`) VALUES('117', 'FieldtypeOptions', 'location', '0', 'Ort', '{\"inputfieldClass\":\"InputfieldSelect\",\"collapsed\":0}');
INSERT INTO `fields` (`id`, `type`, `name`, `flags`, `label`, `data`) VALUES('118', 'FieldtypeText', 'phone', '0', 'Telefon', '{\"textformatters\":[\"TextformatterEntities\"],\"collapsed\":0,\"minlength\":0,\"maxlength\":2048,\"showCount\":0,\"size\":0}');

DROP TABLE IF EXISTS `fieldtype_options`;
CREATE TABLE `fieldtype_options` (
  `fields_id` int(10) unsigned NOT NULL,
  `option_id` int(10) unsigned NOT NULL,
  `title` text DEFAULT NULL,
  `value` varchar(250) DEFAULT NULL,
  `sort` int(10) unsigned NOT NULL,
  PRIMARY KEY (`fields_id`,`option_id`),
  UNIQUE KEY `title` (`title`(250),`fields_id`),
  KEY `value` (`value`,`fields_id`),
  KEY `sort` (`sort`,`fields_id`),
  FULLTEXT KEY `title_ft` (`title`),
  FULLTEXT KEY `value_ft` (`value`)
) ENGINE=MyISAM DEFAULT CHARSET=utf8mb3 COLLATE=utf8mb3_general_ci;

INSERT INTO `fieldtype_options` (`fields_id`, `option_id`, `title`, `value`, `sort`) VALUES('106', '1', 'Ich suche', '', '0');
INSERT INTO `fieldtype_options` (`fields_id`, `option_id`, `title`, `value`, `sort`) VALUES('106', '2', 'Ich biete', '', '1');
INSERT INTO `fieldtype_options` (`fields_id`, `option_id`, `title`, `value`, `sort`) VALUES('106', '3', 'Angebot', '', '2');
INSERT INTO `fieldtype_options` (`fields_id`, `option_id`, `title`, `value`, `sort`) VALUES('112', '1', 'Montag', '', '0');
INSERT INTO `fieldtype_options` (`fields_id`, `option_id`, `title`, `value`, `sort`) VALUES('112', '2', 'Dienstag', '', '1');
INSERT INTO `fieldtype_options` (`fields_id`, `option_id`, `title`, `value`, `sort`) VALUES('112', '3', 'Mittwoch', '', '2');
INSERT INTO `fieldtype_options` (`fields_id`, `option_id`, `title`, `value`, `sort`) VALUES('112', '4', 'Donnerstag', '', '3');
INSERT INTO `fieldtype_options` (`fields_id`, `option_id`, `title`, `value`, `sort`) VALUES('112', '5', 'Freitag', '', '4');
INSERT INTO `fieldtype_options` (`fields_id`, `option_id`, `title`, `value`, `sort`) VALUES('112', '6', 'Samstag', '', '5');
INSERT INTO `fieldtype_options` (`fields_id`, `option_id`, `title`, `value`, `sort`) VALUES('112', '7', 'Sonntag', '', '6');
INSERT INTO `fieldtype_options` (`fields_id`, `option_id`, `title`, `value`, `sort`) VALUES('113', '1', '0-4 Jahre', '', '0');
INSERT INTO `fieldtype_options` (`fields_id`, `option_id`, `title`, `value`, `sort`) VALUES('113', '2', '4-7 Jahre', '', '1');
INSERT INTO `fieldtype_options` (`fields_id`, `option_id`, `title`, `value`, `sort`) VALUES('113', '3', '7-14 Jahre', '', '2');
INSERT INTO `fieldtype_options` (`fields_id`, `option_id`, `title`, `value`, `sort`) VALUES('113', '4', '15-18 Jahre', '', '3');
INSERT INTO `fieldtype_options` (`fields_id`, `option_id`, `title`, `value`, `sort`) VALUES('113', '5', '18-24 Jahre', '', '4');
INSERT INTO `fieldtype_options` (`fields_id`, `option_id`, `title`, `value`, `sort`) VALUES('113', '6', '24+ Jahre', '', '5');
INSERT INTO `fieldtype_options` (`fields_id`, `option_id`, `title`, `value`, `sort`) VALUES('114', '1', 'Sport', '', '0');
INSERT INTO `fieldtype_options` (`fields_id`, `option_id`, `title`, `value`, `sort`) VALUES('114', '2', 'Kunst', '', '1');
INSERT INTO `fieldtype_options` (`fields_id`, `option_id`, `title`, `value`, `sort`) VALUES('114', '3', 'Frderung', '', '2');
INSERT INTO `fieldtype_options` (`fields_id`, `option_id`, `title`, `value`, `sort`) VALUES('114', '4', 'Andere', '', '3');
INSERT INTO `fieldtype_options` (`fields_id`, `option_id`, `title`, `value`, `sort`) VALUES('117', '1', 'Flaach', '', '0');
INSERT INTO `fieldtype_options` (`fields_id`, `option_id`, `title`, `value`, `sort`) VALUES('117', '2', 'Volken', '', '1');
INSERT INTO `fieldtype_options` (`fields_id`, `option_id`, `title`, `value`, `sort`) VALUES('117', '3', 'Dorf', '', '2');
INSERT INTO `fieldtype_options` (`fields_id`, `option_id`, `title`, `value`, `sort`) VALUES('117', '4', 'Berg am Irchel', '', '3');
INSERT INTO `fieldtype_options` (`fields_id`, `option_id`, `title`, `value`, `sort`) VALUES('117', '5', 'Buch am Irchel', '', '4');
INSERT INTO `fieldtype_options` (`fields_id`, `option_id`, `title`, `value`, `sort`) VALUES('117', '6', 'Grslikon', '', '5');
INSERT INTO `fieldtype_options` (`fields_id`, `option_id`, `title`, `value`, `sort`) VALUES('117', '7', 'Wiler', '', '6');
INSERT INTO `fieldtype_options` (`fields_id`, `option_id`, `title`, `value`, `sort`) VALUES('117', '8', 'Desibach', '', '7');

DROP TABLE IF EXISTS `forms`;
CREATE TABLE `forms` (
  `id` int(10) unsigned NOT NULL AUTO_INCREMENT,
  `name` varchar(128) NOT NULL,
  `data` mediumtext NOT NULL,
  PRIMARY KEY (`id`),
  UNIQUE KEY `name` (`name`)
) ENGINE=MyISAM AUTO_INCREMENT=6 DEFAULT CHARSET=utf8mb3 COLLATE=utf8mb3_general_ci;

INSERT INTO `forms` (`id`, `name`, `data`) VALUES('1', 'ich-suche', '{\"required\":false,\"columnWidth\":0,\"roles\":{\"form-submit\":[\"guest\"],\"form-list\":[],\"form-edit\":[],\"form-delete\":[],\"entries-list\":[],\"entries-edit\":[],\"entries-delete\":[],\"entries-page\":[],\"entries-resend\":[]},\"flags\":0,\"pluginActions\":[],\"framework\":\"Basic\",\"allowPreset\":0,\"skipSessionKey\":0,\"useCookies\":0,\"partialEntryDays\":14,\"spamEntryDays\":7,\"submitText\":\"Absenden\",\"successMessage\":\"Thank you, your form has been submitted.\",\"errorMessage\":\"One or more errors prevented submission of the form. Please correct and try again.\",\"mobilePx\":0,\"frBasic_noLoad\":[],\"frBasic_cssURL\":\"\\/site\\/modules\\/FormBuilder\\/frameworks\\/basic\\/main.css\",\"frBasic_itemContent\":[\"description\",\"out\",\"error\",\"notes\"],\"honeypot\":[],\"spamFlags\":0,\"listFields\":[],\"entryDays\":0,\"emailSubject\":\"Form Submission\",\"responderSubject\":\"Auto-Response\",\"saveFlags\":43,\"spamWords\":[],\"savePageParent\":1030,\"savePageTemplate\":54,\"savePageStatus\":0,\"savePageFields\":{\"name\":\"form_title\",\"1\":\"form_title\",\"102\":\"form_contact_person\",\"103\":\"form_email_address\",\"118\":\"form_phone\",\"101\":\"form_text\"},\"emailTo\":\"luca.fehr@gmail.com\",\"children\":{\"form_title\":{\"type\":\"Text\",\"label\":\"Titel\",\"required\":1,\"columnWidth\":0,\"collapsed\":\"0\",\"minlength\":5,\"maxlength\":50,\"showCount\":\"1\",\"size\":0,\"stripTags\":1},\"form_contact_person\":{\"type\":\"Text\",\"label\":\"Kontaktperson\",\"required\":1,\"columnWidth\":0,\"collapsed\":\"0\",\"minlength\":0,\"maxlength\":2048,\"showCount\":\"0\",\"size\":0,\"stripTags\":1},\"form_phone\":{\"type\":\"Text\",\"label\":\"Telefon\",\"required\":1,\"columnWidth\":0,\"collapsed\":\"0\",\"minlength\":0,\"maxlength\":2048,\"showCount\":\"0\",\"size\":0},\"form_email_address\":{\"type\":\"Email\",\"label\":\"E-Mail\",\"required\":false,\"columnWidth\":0,\"collapsed\":\"0\",\"minlength\":0,\"maxlength\":250,\"showCount\":\"0\",\"size\":0,\"allowIDN\":\"0\"},\"form_text\":{\"type\":\"Textarea\",\"label\":\"Text\",\"required\":1,\"columnWidth\":0,\"collapsed\":\"0\",\"minlength\":20,\"maxlength\":1024,\"showCount\":\"1\",\"rows\":5},\"form_publish_from\":{\"type\":\"Datetime\",\"label\":\"Publizieren von\",\"required\":1,\"columnWidth\":0,\"collapsed\":\"0\",\"inputType\":\"html\",\"dateSelectFormat\":\"yMd\",\"yearFrom\":1925,\"yearTo\":2045,\"yearLock\":0,\"htmlType\":\"date\",\"datepicker\":\"3\",\"timeInputSelect\":0,\"dateInputFormat\":\"d.m.Y\",\"size\":25,\"requiredAttr\":1},\"form_publish_to\":{\"type\":\"Datetime\",\"label\":\"Publizieren bis\",\"required\":1,\"columnWidth\":0,\"collapsed\":\"0\",\"inputType\":\"html\",\"dateSelectFormat\":\"yMd\",\"yearFrom\":1925,\"yearTo\":2045,\"yearLock\":0,\"htmlType\":\"date\",\"datepicker\":\"0\",\"timeInputSelect\":0,\"dateInputFormat\":\"Y-m-d\",\"size\":25,\"requiredAttr\":1},\"form_country\":{\"type\":\"Text\",\"label\":\"Land\",\"required\":false,\"columnWidth\":0,\"collapsed\":\"4\",\"minlength\":0,\"maxlength\":2048,\"showCount\":\"0\",\"size\":0},\"form_agb\":{\"type\":\"Checkbox\",\"label\":\"Ich akzeptiere die Datenschutzbestimmungen\",\"required\":false,\"columnWidth\":0,\"collapsed\":\"0\",\"checkedValue\":\"1\"}}}');
INSERT INTO `forms` (`id`, `name`, `data`) VALUES('3', 'ich-biete', '{\"required\":false,\"columnWidth\":0,\"roles\":{\"form-submit\":[\"guest\"],\"form-list\":[],\"form-edit\":[],\"form-delete\":[],\"entries-list\":[],\"entries-edit\":[],\"entries-delete\":[],\"entries-page\":[],\"entries-resend\":[]},\"flags\":0,\"pluginActions\":[],\"framework\":\"Basic\",\"allowPreset\":0,\"skipSessionKey\":0,\"useCookies\":0,\"partialEntryDays\":14,\"spamEntryDays\":7,\"submitText\":\"Absenden\",\"successMessage\":\"Thank you, your form has been submitted.\",\"errorMessage\":\"One or more errors prevented submission of the form. Please correct and try again.\",\"mobilePx\":0,\"frBasic_noLoad\":[],\"frBasic_cssURL\":\"\\/site\\/modules\\/FormBuilder\\/frameworks\\/basic\\/main.css\",\"frBasic_itemContent\":[\"description\",\"out\",\"error\",\"notes\"],\"honeypot\":[],\"spamFlags\":0,\"listFields\":[],\"entryDays\":0,\"emailSubject\":\"Form Submission\",\"responderSubject\":\"Auto-Response\",\"saveFlags\":43,\"spamWords\":[],\"savePageParent\":1033,\"savePageTemplate\":54,\"savePageStatus\":0,\"savePageFields\":{\"name\":\"form_title\",\"1\":\"form_title\",\"102\":\"form_contact_person\",\"103\":\"form_email_address\",\"118\":\"form_phone\",\"101\":\"form_text\"},\"emailTo\":\"luca.fehr@gmail.com\",\"children\":{\"form_title\":{\"type\":\"Text\",\"label\":\"Titel\",\"required\":1,\"columnWidth\":0,\"collapsed\":\"0\",\"minlength\":5,\"maxlength\":50,\"showCount\":\"1\",\"size\":0,\"stripTags\":1},\"form_contact_person\":{\"type\":\"Text\",\"label\":\"Kontaktperson\",\"required\":1,\"columnWidth\":0,\"collapsed\":\"0\",\"minlength\":0,\"maxlength\":2048,\"showCount\":\"0\",\"size\":0,\"stripTags\":1},\"form_phone\":{\"type\":\"Text\",\"label\":\"Telefon\",\"required\":1,\"columnWidth\":0,\"collapsed\":\"0\",\"minlength\":0,\"maxlength\":2048,\"showCount\":\"0\",\"size\":0},\"form_email_address\":{\"type\":\"Email\",\"label\":\"E-Mail\",\"required\":false,\"columnWidth\":0,\"collapsed\":\"0\",\"minlength\":0,\"maxlength\":250,\"showCount\":\"0\",\"size\":0,\"allowIDN\":\"0\"},\"form_text\":{\"type\":\"Textarea\",\"label\":\"Text\",\"required\":1,\"columnWidth\":0,\"collapsed\":\"0\",\"minlength\":20,\"maxlength\":1024,\"showCount\":\"1\",\"rows\":5},\"form_country\":{\"type\":\"Text\",\"label\":\"Land\",\"required\":false,\"columnWidth\":0,\"collapsed\":\"4\",\"minlength\":0,\"maxlength\":2048,\"showCount\":\"0\",\"size\":0},\"form_publish_from\":{\"type\":\"Datetime\",\"label\":\"Ver\\u00f6ffentlichen von\",\"required\":1,\"columnWidth\":0,\"collapsed\":\"0\",\"requiredAttr\":1,\"inputType\":\"html\",\"dateSelectFormat\":\"yMd\",\"yearFrom\":1925,\"yearTo\":2045,\"yearLock\":0,\"htmlType\":\"date\",\"datepicker\":0,\"timeInputSelect\":0,\"dateInputFormat\":\"Y-m-d\",\"size\":25},\"form_publish_to\":{\"type\":\"Datetime\",\"label\":\"Ver\\u00f6ffentlichen bis\",\"required\":1,\"columnWidth\":0,\"collapsed\":\"0\",\"requiredAttr\":1,\"inputType\":\"html\",\"dateSelectFormat\":\"yMd\",\"yearFrom\":1925,\"yearTo\":2045,\"yearLock\":0,\"htmlType\":\"date\",\"datepicker\":0,\"timeInputSelect\":0,\"dateInputFormat\":\"Y-m-d\",\"size\":25}}}');
INSERT INTO `forms` (`id`, `name`, `data`) VALUES('5', 'angebote', '{\"required\":false,\"columnWidth\":0,\"action\":\".\\/\",\"method\":\"post\",\"roles\":{\"form-submit\":[\"guest\"],\"form-list\":[],\"form-edit\":[],\"form-delete\":[],\"entries-list\":[],\"entries-edit\":[],\"entries-delete\":[],\"entries-page\":[],\"entries-resend\":[]},\"flags\":0,\"pluginActions\":[],\"framework\":\"Basic\",\"allowPreset\":0,\"skipSessionKey\":0,\"useCookies\":0,\"partialEntryDays\":14,\"spamEntryDays\":7,\"submitText\":\"Absenden\",\"successMessage\":\"Thank you, your form has been submitted.\",\"errorMessage\":\"One or more errors prevented submission of the form. Please correct and try again.\",\"mobilePx\":0,\"frBasic_noLoad\":[],\"frBasic_cssURL\":\"\\/site\\/modules\\/FormBuilder\\/frameworks\\/basic\\/main.css\",\"frBasic_itemContent\":[\"description\",\"out\",\"error\",\"notes\"],\"honeypot\":[],\"spamFlags\":0,\"listFields\":[],\"entryDays\":0,\"emailSubject\":\"Form Submission\",\"responderSubject\":\"Auto-Response\",\"saveFlags\":43,\"spamWords\":[],\"savePageParent\":1034,\"savePageTemplate\":54,\"savePageStatus\":0,\"savePageFields\":{\"name\":\"form_title\",\"1\":\"form_title\",\"102\":\"form_contact_person\",\"103\":\"form_email_address\",\"118\":\"form_phone\",\"101\":\"form_text\",\"108\":\"form_date_from\",\"109\":\"form_time_from\",\"110\":\"form_date_to\",\"111\":\"form_time_to\",\"117\":\"form_location\",\"112\":\"form_weekday\",\"113\":\"form_age\",\"115\":\"form_costs\"},\"emailTo\":\"luca.fehr@gmail.com\",\"children\":{\"form_title\":{\"type\":\"Text\",\"label\":\"Titel\",\"required\":1,\"columnWidth\":0,\"collapsed\":\"0\",\"minlength\":5,\"maxlength\":50,\"showCount\":\"1\",\"size\":0,\"stripTags\":1},\"form_contact_person\":{\"type\":\"Text\",\"label\":\"Kontaktperson\",\"required\":1,\"columnWidth\":0,\"collapsed\":\"0\",\"minlength\":0,\"maxlength\":2048,\"showCount\":\"0\",\"size\":0,\"stripTags\":1},\"form_phone\":{\"type\":\"Text\",\"label\":\"Telefon\",\"required\":1,\"columnWidth\":0,\"collapsed\":\"0\",\"minlength\":0,\"maxlength\":2048,\"showCount\":\"0\",\"size\":0},\"form_email_address\":{\"type\":\"Email\",\"label\":\"E-Mail\",\"required\":false,\"columnWidth\":0,\"collapsed\":\"0\",\"minlength\":0,\"maxlength\":250,\"showCount\":\"0\",\"size\":0,\"allowIDN\":\"0\"},\"form_text\":{\"type\":\"Textarea\",\"label\":\"Text\",\"required\":1,\"columnWidth\":0,\"collapsed\":\"0\",\"minlength\":20,\"maxlength\":1024,\"showCount\":\"1\",\"rows\":5},\"form_age\":{\"type\":\"Checkboxes\",\"label\":\"Alter\",\"required\":false,\"columnWidth\":0,\"collapsed\":\"0\",\"options\":\"1=0-4 Jahre\\n2=4-7 Jahre\\n3=7-14 Jahre\\n4=15-18 Jahre\\n5=18-24 Jahre\\n6=24+ Jahre\",\"optionColumns\":0},\"form_location\":{\"type\":\"Select\",\"label\":\"Ort\",\"required\":false,\"columnWidth\":0,\"collapsed\":\"0\",\"options\":\"1=Flaach\\n2=Volken\\n3=Dorf\\n4=Berg am Irchel\\n5=Buch am Irchel\\n6=Gr\\u00e4slikon\\n7=Wiler\\n8=Desibach\"},\"form_costs\":{\"type\":\"Text\",\"label\":\"Kosten\",\"required\":false,\"columnWidth\":0,\"collapsed\":\"0\",\"minlength\":0,\"maxlength\":2048,\"showCount\":\"0\",\"size\":0},\"form_offer_category\":{\"type\":\"Select\",\"label\":\"Kategorie\",\"required\":false,\"columnWidth\":0,\"collapsed\":\"0\",\"options\":\"1=Sport\\n2=Kunst\\n3=F\\u00f6rderung\\n4=Andere\"},\"form_country\":{\"type\":\"Text\",\"label\":\"Land\",\"required\":false,\"columnWidth\":0,\"collapsed\":\"4\",\"minlength\":0,\"maxlength\":2048,\"showCount\":\"0\",\"size\":0},\"form_offer_type\":{\"type\":\"Select\",\"label\":\"Angebotstyp\",\"required\":false,\"columnWidth\":0,\"defaultValue\":\"0\",\"collapsed\":\"0\",\"options\":\"0=Einmaliges Angebot\\n1=Wiederkehrendes Angebot\"},\"single\":{\"type\":\"Fieldset\",\"label\":\"Einmaliges Angebot\",\"required\":false,\"columnWidth\":0,\"collapsed\":\"0\",\"showIf\":\"form_offer_type=0\",\"children\":{\"form_date_from\":{\"type\":\"Datetime\",\"label\":\"Datum von\",\"required\":1,\"columnWidth\":50,\"collapsed\":\"0\",\"inputType\":\"html\",\"dateSelectFormat\":\"yMd\",\"yearFrom\":1924,\"yearTo\":2044,\"yearLock\":0,\"htmlType\":\"date\",\"datepicker\":\"3\",\"timeInputSelect\":0,\"dateInputFormat\":\"d.m.Y\",\"size\":25,\"prevParent\":[],\"requiredIf\":\"form_offer_type=0\"},\"form_time_from\":{\"type\":\"Text\",\"label\":\"Zeit von\",\"required\":1,\"columnWidth\":50,\"collapsed\":\"0\",\"minlength\":0,\"maxlength\":2048,\"showCount\":\"0\",\"size\":0,\"pattern\":\"(?:[01]|2(?![4-9])){1}\\\\d{1}:[0-5]{1}\\\\d{1}\",\"prevParent\":[],\"requiredIf\":\"form_offer_type=0\"},\"form_date_to\":{\"type\":\"Datetime\",\"label\":\"Datum bis\",\"required\":1,\"columnWidth\":50,\"collapsed\":\"0\",\"inputType\":\"html\",\"dateSelectFormat\":\"yMd\",\"yearFrom\":1924,\"yearTo\":2044,\"yearLock\":0,\"htmlType\":\"date\",\"datepicker\":0,\"timeInputSelect\":0,\"dateInputFormat\":\"Y-m-d\",\"size\":25,\"prevParent\":[],\"requiredIf\":\"form_offer_type=0\"},\"form_time_to\":{\"type\":\"Text\",\"label\":\"Zeit bis\",\"required\":1,\"columnWidth\":50,\"collapsed\":\"0\",\"minlength\":0,\"maxlength\":2048,\"showCount\":\"0\",\"size\":0,\"pattern\":\"(?:[01]|2(?![4-9])){1}\\\\d{1}:[0-5]{1}\\\\d{1}\",\"prevParent\":[],\"requiredIf\":\"form_offer_type=0\"}}},\"repeating\":{\"type\":\"Fieldset\",\"label\":\"Wiederkehrendes Angebot\",\"required\":false,\"columnWidth\":0,\"collapsed\":\"0\",\"showIf\":\"form_offer_type=1\",\"children\":{\"form_weekday\":{\"type\":\"Checkboxes\",\"label\":\"Wochentag(e)\",\"required\":1,\"columnWidth\":0,\"collapsed\":\"0\",\"options\":\"1=Montag\\n2=Dienstag\\n3=Mittwoch\\n4=Donnerstag\\n5=Freitag\\n6=Samstag\\n7=Sonntag\",\"optionColumns\":0,\"prevParent\":[],\"requiredIf\":\"form_offer_type=1\"},\"text_repeating\":{\"type\":\"Textarea\",\"label\":\"Infos wiederkehrendes Angebot\",\"required\":1,\"columnWidth\":0,\"collapsed\":\"0\",\"minlength\":0,\"maxlength\":0,\"showCount\":\"0\",\"rows\":5,\"requiredIf\":\"form_offer_type=1\",\"prevParent\":[],\"placeholder\":\"z.B.: Montags jeweils um 17:00 Uhr und Freitags um 18:30 Uhr\"}}},\"form_publish_from\":{\"type\":\"Datetime\",\"label\":\"Publizieren von\",\"required\":1,\"columnWidth\":0,\"collapsed\":\"0\",\"requiredAttr\":1,\"inputType\":\"html\",\"dateSelectFormat\":\"yMd\",\"yearFrom\":1925,\"yearTo\":2045,\"yearLock\":0,\"htmlType\":\"date\",\"datepicker\":0,\"timeInputSelect\":0,\"dateInputFormat\":\"Y-m-d\",\"size\":25},\"form_publish_to\":{\"type\":\"Datetime\",\"label\":\"Publizieren bis\",\"required\":false,\"columnWidth\":0,\"collapsed\":\"0\",\"inputType\":\"html\",\"dateSelectFormat\":\"yMd\",\"yearFrom\":1925,\"yearTo\":2045,\"yearLock\":0,\"htmlType\":\"date\",\"datepicker\":0,\"timeInputSelect\":0,\"dateInputFormat\":\"Y-m-d\",\"size\":25},\"form_agb\":{\"type\":\"Checkbox\",\"label\":\"Ich akzeptiere die Datenschutzbestimmungen\",\"required\":1,\"columnWidth\":0,\"collapsed\":\"0\",\"checkedValue\":\"1\"}}}');

DROP TABLE IF EXISTS `forms_entries`;
CREATE TABLE `forms_entries` (
  `id` int(10) unsigned NOT NULL AUTO_INCREMENT,
  `forms_id` int(10) unsigned NOT NULL,
  `flags` int(10) unsigned NOT NULL DEFAULT 0,
  `str` varchar(128) NOT NULL DEFAULT '',
  `data` mediumtext NOT NULL,
  `created` datetime NOT NULL,
  `modified` timestamp NOT NULL DEFAULT current_timestamp(),
  PRIMARY KEY (`id`),
  KEY `forms_id` (`forms_id`,`flags`),
  KEY `created_forms_id` (`created`,`forms_id`,`flags`),
  KEY `modified_forms_id` (`modified`,`forms_id`,`flags`),
  KEY `forms_id_flags_created` (`forms_id`,`flags`,`created`),
  KEY `id_str` (`id`,`str`),
  FULLTEXT KEY `data` (`data`)
) ENGINE=MyISAM AUTO_INCREMENT=14 DEFAULT CHARSET=utf8mb3 COLLATE=utf8mb3_general_ci;

INSERT INTO `forms_entries` (`id`, `forms_id`, `flags`, `str`, `data`, `created`, `modified`) VALUES('13', '1', '0', '', '{\"form_title\":\"Schlittschuhe\",\"form_contact_person\":\"Max Muster\",\"form_phone\":\"079 999 99 99\",\"form_email_address\":\"max@muster.com\",\"form_text\":\"ich suche bla bla.....\",\"form_publish_from\":1741474800,\"form_publish_to\":1743289200,\"form_country\":null,\"form_agb\":\"\",\"_savePage\":1046,\"_savePageTime\":1741531611}', '2025-03-09 15:46:02', '2025-03-09 14:46:51');

DROP TABLE IF EXISTS `modules`;
CREATE TABLE `modules` (
  `id` int(10) unsigned NOT NULL AUTO_INCREMENT,
  `class` varchar(128) CHARACTER SET ascii COLLATE ascii_general_ci NOT NULL,
  `flags` int(11) NOT NULL DEFAULT 0,
  `data` mediumtext NOT NULL,
  `created` timestamp NOT NULL DEFAULT current_timestamp(),
  PRIMARY KEY (`id`),
  UNIQUE KEY `class` (`class`)
) ENGINE=MyISAM AUTO_INCREMENT=179 DEFAULT CHARSET=utf8mb3 COLLATE=utf8mb3_general_ci;

INSERT INTO `modules` (`id`, `class`, `flags`, `data`, `created`) VALUES('1', 'FieldtypeTextarea', '0', '', '2024-08-01 13:16:40');
INSERT INTO `modules` (`id`, `class`, `flags`, `data`, `created`) VALUES('3', 'FieldtypeText', '0', '', '2024-08-01 13:16:40');
INSERT INTO `modules` (`id`, `class`, `flags`, `data`, `created`) VALUES('4', 'FieldtypePage', '0', '', '2024-08-01 13:16:40');
INSERT INTO `modules` (`id`, `class`, `flags`, `data`, `created`) VALUES('30', 'InputfieldForm', '0', '', '2024-08-01 13:16:40');
INSERT INTO `modules` (`id`, `class`, `flags`, `data`, `created`) VALUES('6', 'FieldtypeFile', '0', '', '2024-08-01 13:16:40');
INSERT INTO `modules` (`id`, `class`, `flags`, `data`, `created`) VALUES('7', 'ProcessPageEdit', '1', '', '2024-08-01 13:16:40');
INSERT INTO `modules` (`id`, `class`, `flags`, `data`, `created`) VALUES('10', 'ProcessLogin', '0', '', '2024-08-01 13:16:40');
INSERT INTO `modules` (`id`, `class`, `flags`, `data`, `created`) VALUES('12', 'ProcessPageList', '0', '{\"pageLabelField\":\"title\",\"paginationLimit\":25,\"limit\":50}', '2024-08-01 13:16:40');
INSERT INTO `modules` (`id`, `class`, `flags`, `data`, `created`) VALUES('121', 'ProcessPageEditLink', '1', '', '2024-08-01 13:16:40');
INSERT INTO `modules` (`id`, `class`, `flags`, `data`, `created`) VALUES('14', 'ProcessPageSort', '0', '', '2024-08-01 13:16:40');
INSERT INTO `modules` (`id`, `class`, `flags`, `data`, `created`) VALUES('15', 'InputfieldPageListSelect', '0', '', '2024-08-01 13:16:40');
INSERT INTO `modules` (`id`, `class`, `flags`, `data`, `created`) VALUES('117', 'JqueryUI', '1', '', '2024-08-01 13:16:40');
INSERT INTO `modules` (`id`, `class`, `flags`, `data`, `created`) VALUES('17', 'ProcessPageAdd', '0', '', '2024-08-01 13:16:40');
INSERT INTO `modules` (`id`, `class`, `flags`, `data`, `created`) VALUES('125', 'SessionLoginThrottle', '11', '', '2024-08-01 13:16:40');
INSERT INTO `modules` (`id`, `class`, `flags`, `data`, `created`) VALUES('122', 'InputfieldPassword', '0', '', '2024-08-01 13:16:40');
INSERT INTO `modules` (`id`, `class`, `flags`, `data`, `created`) VALUES('25', 'InputfieldAsmSelect', '0', '', '2024-08-01 13:16:40');
INSERT INTO `modules` (`id`, `class`, `flags`, `data`, `created`) VALUES('116', 'JqueryCore', '1', '', '2024-08-01 13:16:40');
INSERT INTO `modules` (`id`, `class`, `flags`, `data`, `created`) VALUES('27', 'FieldtypeModule', '0', '', '2024-08-01 13:16:40');
INSERT INTO `modules` (`id`, `class`, `flags`, `data`, `created`) VALUES('28', 'FieldtypeDatetime', '0', '', '2024-08-01 13:16:40');
INSERT INTO `modules` (`id`, `class`, `flags`, `data`, `created`) VALUES('29', 'FieldtypeEmail', '0', '', '2024-08-01 13:16:40');
INSERT INTO `modules` (`id`, `class`, `flags`, `data`, `created`) VALUES('108', 'InputfieldURL', '0', '', '2024-08-01 13:16:40');
INSERT INTO `modules` (`id`, `class`, `flags`, `data`, `created`) VALUES('32', 'InputfieldSubmit', '0', '', '2024-08-01 13:16:40');
INSERT INTO `modules` (`id`, `class`, `flags`, `data`, `created`) VALUES('34', 'InputfieldText', '0', '', '2024-08-01 13:16:40');
INSERT INTO `modules` (`id`, `class`, `flags`, `data`, `created`) VALUES('35', 'InputfieldTextarea', '0', '', '2024-08-01 13:16:40');
INSERT INTO `modules` (`id`, `class`, `flags`, `data`, `created`) VALUES('36', 'InputfieldSelect', '0', '', '2024-08-01 13:16:40');
INSERT INTO `modules` (`id`, `class`, `flags`, `data`, `created`) VALUES('37', 'InputfieldCheckbox', '0', '', '2024-08-01 13:16:40');
INSERT INTO `modules` (`id`, `class`, `flags`, `data`, `created`) VALUES('38', 'InputfieldCheckboxes', '0', '', '2024-08-01 13:16:40');
INSERT INTO `modules` (`id`, `class`, `flags`, `data`, `created`) VALUES('39', 'InputfieldRadios', '0', '', '2024-08-01 13:16:40');
INSERT INTO `modules` (`id`, `class`, `flags`, `data`, `created`) VALUES('40', 'InputfieldHidden', '0', '', '2024-08-01 13:16:40');
INSERT INTO `modules` (`id`, `class`, `flags`, `data`, `created`) VALUES('41', 'InputfieldName', '0', '', '2024-08-01 13:16:40');
INSERT INTO `modules` (`id`, `class`, `flags`, `data`, `created`) VALUES('43', 'InputfieldSelectMultiple', '0', '', '2024-08-01 13:16:40');
INSERT INTO `modules` (`id`, `class`, `flags`, `data`, `created`) VALUES('45', 'JqueryWireTabs', '0', '', '2024-08-01 13:16:40');
INSERT INTO `modules` (`id`, `class`, `flags`, `data`, `created`) VALUES('47', 'ProcessTemplate', '0', '', '2024-08-01 13:16:40');
INSERT INTO `modules` (`id`, `class`, `flags`, `data`, `created`) VALUES('48', 'ProcessField', '32', '', '2024-08-01 13:16:40');
INSERT INTO `modules` (`id`, `class`, `flags`, `data`, `created`) VALUES('50', 'ProcessModule', '0', '', '2024-08-01 13:16:40');
INSERT INTO `modules` (`id`, `class`, `flags`, `data`, `created`) VALUES('114', 'PagePermissions', '3', '', '2024-08-01 13:16:40');
INSERT INTO `modules` (`id`, `class`, `flags`, `data`, `created`) VALUES('97', 'FieldtypeCheckbox', '1', '', '2024-08-01 13:16:40');
INSERT INTO `modules` (`id`, `class`, `flags`, `data`, `created`) VALUES('115', 'PageRender', '3', '{\"clearCache\":1}', '2024-08-01 13:16:40');
INSERT INTO `modules` (`id`, `class`, `flags`, `data`, `created`) VALUES('55', 'InputfieldFile', '0', '', '2024-08-01 13:16:40');
INSERT INTO `modules` (`id`, `class`, `flags`, `data`, `created`) VALUES('56', 'InputfieldImage', '0', '', '2024-08-01 13:16:40');
INSERT INTO `modules` (`id`, `class`, `flags`, `data`, `created`) VALUES('57', 'FieldtypeImage', '0', '', '2024-08-01 13:16:40');
INSERT INTO `modules` (`id`, `class`, `flags`, `data`, `created`) VALUES('60', 'InputfieldPage', '0', '{\"inputfieldClasses\":[\"InputfieldSelect\",\"InputfieldSelectMultiple\",\"InputfieldCheckboxes\",\"InputfieldRadios\",\"InputfieldAsmSelect\",\"InputfieldPageListSelect\",\"InputfieldPageListSelectMultiple\",\"InputfieldPageAutocomplete\"]}', '2024-08-01 13:16:40');
INSERT INTO `modules` (`id`, `class`, `flags`, `data`, `created`) VALUES('61', 'TextformatterEntities', '0', '', '2024-08-01 13:16:40');
INSERT INTO `modules` (`id`, `class`, `flags`, `data`, `created`) VALUES('66', 'ProcessUser', '0', '{\"showFields\":[\"name\",\"email\",\"roles\"]}', '2024-08-01 13:16:40');
INSERT INTO `modules` (`id`, `class`, `flags`, `data`, `created`) VALUES('67', 'MarkupAdminDataTable', '0', '', '2024-08-01 13:16:40');
INSERT INTO `modules` (`id`, `class`, `flags`, `data`, `created`) VALUES('68', 'ProcessRole', '0', '{\"showFields\":[\"name\"]}', '2024-08-01 13:16:40');
INSERT INTO `modules` (`id`, `class`, `flags`, `data`, `created`) VALUES('76', 'ProcessList', '0', '', '2024-08-01 13:16:40');
INSERT INTO `modules` (`id`, `class`, `flags`, `data`, `created`) VALUES('78', 'InputfieldFieldset', '0', '', '2024-08-01 13:16:40');
INSERT INTO `modules` (`id`, `class`, `flags`, `data`, `created`) VALUES('79', 'InputfieldMarkup', '0', '', '2024-08-01 13:16:40');
INSERT INTO `modules` (`id`, `class`, `flags`, `data`, `created`) VALUES('80', 'InputfieldEmail', '0', '', '2024-08-01 13:16:40');
INSERT INTO `modules` (`id`, `class`, `flags`, `data`, `created`) VALUES('89', 'FieldtypeFloat', '1', '', '2024-08-01 13:16:40');
INSERT INTO `modules` (`id`, `class`, `flags`, `data`, `created`) VALUES('83', 'ProcessPageView', '0', '', '2024-08-01 13:16:40');
INSERT INTO `modules` (`id`, `class`, `flags`, `data`, `created`) VALUES('84', 'FieldtypeInteger', '0', '', '2024-08-01 13:16:40');
INSERT INTO `modules` (`id`, `class`, `flags`, `data`, `created`) VALUES('85', 'InputfieldInteger', '0', '', '2024-08-01 13:16:40');
INSERT INTO `modules` (`id`, `class`, `flags`, `data`, `created`) VALUES('86', 'InputfieldPageName', '0', '', '2024-08-01 13:16:40');
INSERT INTO `modules` (`id`, `class`, `flags`, `data`, `created`) VALUES('87', 'ProcessHome', '0', '', '2024-08-01 13:16:40');
INSERT INTO `modules` (`id`, `class`, `flags`, `data`, `created`) VALUES('90', 'InputfieldFloat', '0', '', '2024-08-01 13:16:40');
INSERT INTO `modules` (`id`, `class`, `flags`, `data`, `created`) VALUES('94', 'InputfieldDatetime', '0', '', '2024-08-01 13:16:40');
INSERT INTO `modules` (`id`, `class`, `flags`, `data`, `created`) VALUES('98', 'MarkupPagerNav', '0', '', '2024-08-01 13:16:40');
INSERT INTO `modules` (`id`, `class`, `flags`, `data`, `created`) VALUES('129', 'ProcessPageEditImageSelect', '1', '', '2024-08-01 13:16:40');
INSERT INTO `modules` (`id`, `class`, `flags`, `data`, `created`) VALUES('103', 'JqueryTableSorter', '1', '', '2024-08-01 13:16:40');
INSERT INTO `modules` (`id`, `class`, `flags`, `data`, `created`) VALUES('104', 'ProcessPageSearch', '1', '{\"searchFields\":\"title\",\"displayField\":\"title path\"}', '2024-08-01 13:16:40');
INSERT INTO `modules` (`id`, `class`, `flags`, `data`, `created`) VALUES('105', 'FieldtypeFieldsetOpen', '1', '', '2024-08-01 13:16:40');
INSERT INTO `modules` (`id`, `class`, `flags`, `data`, `created`) VALUES('106', 'FieldtypeFieldsetClose', '1', '', '2024-08-01 13:16:40');
INSERT INTO `modules` (`id`, `class`, `flags`, `data`, `created`) VALUES('107', 'FieldtypeFieldsetTabOpen', '1', '', '2024-08-01 13:16:40');
INSERT INTO `modules` (`id`, `class`, `flags`, `data`, `created`) VALUES('109', 'ProcessPageTrash', '1', '', '2024-08-01 13:16:40');
INSERT INTO `modules` (`id`, `class`, `flags`, `data`, `created`) VALUES('111', 'FieldtypePageTitle', '1', '', '2024-08-01 13:16:40');
INSERT INTO `modules` (`id`, `class`, `flags`, `data`, `created`) VALUES('112', 'InputfieldPageTitle', '0', '', '2024-08-01 13:16:40');
INSERT INTO `modules` (`id`, `class`, `flags`, `data`, `created`) VALUES('113', 'MarkupPageArray', '3', '', '2024-08-01 13:16:40');
INSERT INTO `modules` (`id`, `class`, `flags`, `data`, `created`) VALUES('131', 'InputfieldButton', '0', '', '2024-08-01 13:16:40');
INSERT INTO `modules` (`id`, `class`, `flags`, `data`, `created`) VALUES('133', 'FieldtypePassword', '1', '', '2024-08-01 13:16:40');
INSERT INTO `modules` (`id`, `class`, `flags`, `data`, `created`) VALUES('134', 'ProcessPageType', '33', '{\"showFields\":[]}', '2024-08-01 13:16:40');
INSERT INTO `modules` (`id`, `class`, `flags`, `data`, `created`) VALUES('135', 'FieldtypeURL', '1', '', '2024-08-01 13:16:40');
INSERT INTO `modules` (`id`, `class`, `flags`, `data`, `created`) VALUES('136', 'ProcessPermission', '1', '{\"showFields\":[\"name\",\"title\"]}', '2024-08-01 13:16:40');
INSERT INTO `modules` (`id`, `class`, `flags`, `data`, `created`) VALUES('137', 'InputfieldPageListSelectMultiple', '0', '', '2024-08-01 13:16:40');
INSERT INTO `modules` (`id`, `class`, `flags`, `data`, `created`) VALUES('138', 'ProcessProfile', '1', '{\"profileFields\":[\"pass\",\"email\",\"admin_theme\"]}', '2024-08-01 13:16:40');
INSERT INTO `modules` (`id`, `class`, `flags`, `data`, `created`) VALUES('139', 'SystemUpdater', '1', '{\"systemVersion\":20,\"coreVersion\":\"3.0.229\"}', '2024-08-01 13:16:40');
INSERT INTO `modules` (`id`, `class`, `flags`, `data`, `created`) VALUES('148', 'AdminThemeDefault', '10', '{\"colors\":\"classic\"}', '2024-08-01 13:16:40');
INSERT INTO `modules` (`id`, `class`, `flags`, `data`, `created`) VALUES('149', 'InputfieldSelector', '42', '', '2024-08-01 13:16:40');
INSERT INTO `modules` (`id`, `class`, `flags`, `data`, `created`) VALUES('150', 'ProcessPageLister', '32', '', '2024-08-01 13:16:40');
INSERT INTO `modules` (`id`, `class`, `flags`, `data`, `created`) VALUES('151', 'JqueryMagnific', '1', '', '2024-08-01 13:16:40');
INSERT INTO `modules` (`id`, `class`, `flags`, `data`, `created`) VALUES('155', 'InputfieldTinyMCE', '0', '', '2024-08-01 13:16:40');
INSERT INTO `modules` (`id`, `class`, `flags`, `data`, `created`) VALUES('156', 'MarkupHTMLPurifier', '0', '', '2024-08-01 13:16:40');
INSERT INTO `modules` (`id`, `class`, `flags`, `data`, `created`) VALUES('159', '.Modules.wire/modules/', '8192', 'Image/ImageSizerEngineIMagick/ImageSizerEngineIMagick.module\nImage/ImageSizerEngineAnimatedGif/ImageSizerEngineAnimatedGif.module\nPagePermissions.module\nSession/SessionLoginThrottle/SessionLoginThrottle.module\nSession/SessionHandlerDB/ProcessSessionDB.module\nSession/SessionHandlerDB/SessionHandlerDB.module\nFieldtype/FieldtypeInteger.module\nFieldtype/FieldtypeFieldsetTabOpen.module\nFieldtype/FieldtypeDatetime.module\nFieldtype/FieldtypePageTable.module\nFieldtype/FieldtypePassword.module\nFieldtype/FieldtypeFloat.module\nFieldtype/FieldtypeFieldsetOpen.module\nFieldtype/FieldtypeToggle.module\nFieldtype/FieldtypeEmail.module\nFieldtype/FieldtypeURL.module\nFieldtype/FieldtypeDecimal.module\nFieldtype/FieldtypeFieldsetClose.module\nFieldtype/FieldtypeCache.module\nFieldtype/FieldtypeSelector.module\nFieldtype/FieldtypeOptions/FieldtypeOptions.module\nFieldtype/FieldtypeComments/FieldtypeComments.module\nFieldtype/FieldtypeComments/CommentFilterAkismet.module\nFieldtype/FieldtypeComments/InputfieldCommentsAdmin.module\nFieldtype/FieldtypeCheckbox.module\nFieldtype/FieldtypeText.module\nFieldtype/FieldtypePageTitle.module\nFieldtype/FieldtypeFile/FieldtypeFile.module\nFieldtype/FieldtypeImage/FieldtypeImage.module\nFieldtype/FieldtypeTextarea.module\nFieldtype/FieldtypePage.module\nFieldtype/FieldtypeRepeater/FieldtypeFieldsetPage.module\nFieldtype/FieldtypeRepeater/InputfieldRepeater.module\nFieldtype/FieldtypeRepeater/FieldtypeRepeater.module\nFieldtype/FieldtypeModule.module\nAdminTheme/AdminThemeReno/AdminThemeReno.module\nAdminTheme/AdminThemeUikit/AdminThemeUikit.module\nAdminTheme/AdminThemeDefault/AdminThemeDefault.module\nPageRender.module\nPage/PageFrontEdit/PageFrontEdit.module\nLazyCron.module\nFileCompilerTags.module\nTextformatter/TextformatterNewlineBR.module\nTextformatter/TextformatterNewlineUL.module\nTextformatter/TextformatterSmartypants/TextformatterSmartypants.module\nTextformatter/TextformatterMarkdownExtra/TextformatterMarkdownExtra.module\nTextformatter/TextformatterPstripper.module\nTextformatter/TextformatterStripTags.module\nTextformatter/TextformatterEntities.module\nProcess/ProcessForgotPassword/ProcessForgotPassword.module\nProcess/ProcessPageEdit/ProcessPageEdit.module\nProcess/ProcessLogin/ProcessLogin.module\nProcess/ProcessPageClone.module\nProcess/ProcessPageList/ProcessPageList.module\nProcess/ProcessPageEditLink/ProcessPageEditLink.module\nProcess/ProcessField/ProcessField.module\nProcess/ProcessTemplate/ProcessTemplate.module\nProcess/ProcessPageEditImageSelect/ProcessPageEditImageSelect.module\nProcess/ProcessList.module\nProcess/ProcessCommentsManager/ProcessCommentsManager.module\nProcess/ProcessPageAdd/ProcessPageAdd.module\nProcess/ProcessRole/ProcessRole.module\nProcess/ProcessLogger/ProcessLogger.module\nProcess/ProcessHome.module\nProcess/ProcessModule/ProcessModule.module\nProcess/ProcessPageSort.module\nProcess/ProcessPageType/ProcessPageType.module\nProcess/ProcessPagesExportImport/ProcessPagesExportImport.module\nProcess/ProcessPageLister/ProcessPageLister.module\nProcess/ProcessRecentPages/ProcessRecentPages.module\nProcess/ProcessPageView.module\nProcess/ProcessPageTrash.module\nProcess/ProcessProfile/ProcessProfile.module\nProcess/ProcessPageSearch/ProcessPageSearch.module\nProcess/ProcessPermission/ProcessPermission.module\nProcess/ProcessUser/ProcessUser.module\nJquery/JqueryMagnific/JqueryMagnific.module\nJquery/JqueryUI/JqueryUI.module\nJquery/JqueryTableSorter/JqueryTableSorter.module\nJquery/JqueryCore/JqueryCore.module\nJquery/JqueryWireTabs/JqueryWireTabs.module\nSystem/SystemUpdater/SystemUpdater.module\nSystem/SystemNotifications/SystemNotifications.module\nSystem/SystemNotifications/FieldtypeNotifications.module\nPagePathHistory.module\nInputfield/InputfieldPageTitle/InputfieldPageTitle.module\nInputfield/InputfieldCheckbox/InputfieldCheckbox.module\nInputfield/InputfieldImage/InputfieldImage.module\nInputfield/InputfieldEmail.module\nInputfield/InputfieldFile/InputfieldFile.module\nInputfield/InputfieldMarkup.module\nInputfield/InputfieldSelect.module\nInputfield/InputfieldSelectMultiple.module\nInputfield/InputfieldDatetime/InputfieldDatetime.module\nInputfield/InputfieldName.module\nInputfield/InputfieldPageName/InputfieldPageName.module\nInputfield/InputfieldPageListSelect/InputfieldPageListSelect.module\nInputfield/InputfieldPageListSelect/InputfieldPageListSelectMultiple.module\nInputfield/InputfieldTextTags/InputfieldTextTags.module\nInputfield/InputfieldCheckboxes/InputfieldCheckboxes.module\nInputfield/InputfieldButton.module\nInputfield/InputfieldURL.module\nInputfield/InputfieldInteger.module\nInputfield/InputfieldText/InputfieldText.module\nInputfield/InputfieldTextarea.module\nInputfield/InputfieldAsmSelect/InputfieldAsmSelect.module\nInputfield/InputfieldRadios/InputfieldRadios.module\nInputfield/InputfieldIcon/InputfieldIcon.module\nInputfield/InputfieldSelector/InputfieldSelector.module\nInputfield/InputfieldPage/InputfieldPage.module\nInputfield/InputfieldCKEditor/InputfieldCKEditor.module\nInputfield/InputfieldPageAutocomplete/InputfieldPageAutocomplete.module\nInputfield/InputfieldFloat.module\nInputfield/InputfieldFieldset.module\nInputfield/InputfieldTinyMCE/InputfieldTinyMCE.module.php\nInputfield/InputfieldPassword/InputfieldPassword.module\nInputfield/InputfieldToggle/InputfieldToggle.module\nInputfield/InputfieldPageTable/InputfieldPageTable.module\nInputfield/InputfieldSubmit/InputfieldSubmit.module\nInputfield/InputfieldHidden.module\nInputfield/InputfieldForm.module\nPagePaths.module\nLanguageSupport/LanguageTabs.module\nLanguageSupport/ProcessLanguageTranslator.module\nLanguageSupport/FieldtypeTextLanguage.module\nLanguageSupport/ProcessLanguage.module\nLanguageSupport/LanguageSupportPageNames.module\nLanguageSupport/LanguageSupportFields.module\nLanguageSupport/LanguageSupport.module\nLanguageSupport/FieldtypePageTitleLanguage.module\nLanguageSupport/FieldtypeTextareaLanguage.module\nMarkup/MarkupHTMLPurifier/MarkupHTMLPurifier.module\nMarkup/MarkupPagerNav/MarkupPagerNav.module\nMarkup/MarkupPageFields.module\nMarkup/MarkupAdminDataTable/MarkupAdminDataTable.module\nMarkup/MarkupRSS.module\nMarkup/MarkupCache.module\nMarkup/MarkupPageArray.module', '2024-08-01 13:16:56');
INSERT INTO `modules` (`id`, `class`, `flags`, `data`, `created`) VALUES('160', '.Modules.site/modules/', '8192', 'FormBuilder/InputfieldFormBuilderPageBreak.module\nFormBuilder/FormBuilder.module\nFormBuilder/ProcessFormBuilder.module\nFormBuilder/InputfieldFormBuilderFile.module\nFormBuilder/InputfieldFormBuilderForm.module\nProcessAdminActions/ProcessAdminActions.module.php', '2024-08-01 13:16:56');
INSERT INTO `modules` (`id`, `class`, `flags`, `data`, `created`) VALUES('161', '.Modules.info', '8192', '{\"114\":{\"name\":\"PagePermissions\",\"title\":\"Page Permissions\",\"version\":105,\"autoload\":true,\"singular\":true,\"created\":1722511000,\"permanent\":true},\"125\":{\"name\":\"SessionLoginThrottle\",\"title\":\"Session Login Throttle\",\"version\":103,\"autoload\":\"function\",\"singular\":true,\"created\":1722511000,\"configurable\":3},\"84\":{\"name\":\"FieldtypeInteger\",\"title\":\"Integer\",\"version\":102,\"created\":1722511000,\"permanent\":true},\"107\":{\"name\":\"FieldtypeFieldsetTabOpen\",\"title\":\"Fieldset in Tab (Open)\",\"version\":100,\"singular\":1,\"created\":1722511000,\"permanent\":true},\"28\":{\"name\":\"FieldtypeDatetime\",\"title\":\"Datetime\",\"version\":105,\"created\":1722511000},\"133\":{\"name\":\"FieldtypePassword\",\"title\":\"Password\",\"version\":101,\"singular\":true,\"created\":1722511000,\"permanent\":true},\"89\":{\"name\":\"FieldtypeFloat\",\"title\":\"Float\",\"version\":107,\"singular\":1,\"created\":1722511000,\"permanent\":true},\"105\":{\"name\":\"FieldtypeFieldsetOpen\",\"title\":\"Fieldset (Open)\",\"version\":101,\"singular\":1,\"created\":1722511000,\"permanent\":true},\"29\":{\"name\":\"FieldtypeEmail\",\"title\":\"E-Mail\",\"version\":101,\"created\":1722511000},\"135\":{\"name\":\"FieldtypeURL\",\"title\":\"URL\",\"version\":101,\"singular\":1,\"created\":1722511000,\"permanent\":true},\"106\":{\"name\":\"FieldtypeFieldsetClose\",\"title\":\"Fieldset (Close)\",\"version\":100,\"singular\":1,\"created\":1722511000,\"permanent\":true},\"175\":{\"name\":\"FieldtypeOptions\",\"title\":\"Select Options\",\"version\":2,\"singular\":true,\"created\":1727612251},\"97\":{\"name\":\"FieldtypeCheckbox\",\"title\":\"Checkbox\",\"version\":101,\"singular\":1,\"created\":1722511000,\"permanent\":true},\"3\":{\"name\":\"FieldtypeText\",\"title\":\"Text\",\"version\":102,\"created\":1722511000,\"permanent\":true},\"111\":{\"name\":\"FieldtypePageTitle\",\"title\":\"Page Title\",\"version\":100,\"singular\":true,\"created\":1722511000,\"permanent\":true},\"6\":{\"name\":\"FieldtypeFile\",\"title\":\"Files\",\"version\":107,\"created\":1722511000,\"configurable\":4,\"permanent\":true},\"57\":{\"name\":\"FieldtypeImage\",\"title\":\"Images\",\"version\":102,\"created\":1722511000,\"configurable\":4,\"permanent\":true},\"1\":{\"name\":\"FieldtypeTextarea\",\"title\":\"Textarea\",\"version\":107,\"created\":1722511000,\"permanent\":true},\"4\":{\"name\":\"FieldtypePage\",\"title\":\"Page Reference\",\"version\":107,\"created\":1722511000,\"configurable\":3,\"permanent\":true},\"177\":{\"name\":\"InputfieldRepeater\",\"title\":\"Repeater\",\"version\":111,\"requiresVersions\":{\"FieldtypeRepeater\":[\">=\",0]},\"created\":1736075470},\"176\":{\"name\":\"FieldtypeRepeater\",\"title\":\"Repeater\",\"version\":112,\"installs\":[\"InputfieldRepeater\"],\"autoload\":true,\"singular\":true,\"created\":1736075470,\"configurable\":3},\"27\":{\"name\":\"FieldtypeModule\",\"title\":\"Module Reference\",\"version\":102,\"created\":1722511000,\"permanent\":true},\"166\":{\"name\":\"AdminThemeUikit\",\"title\":\"Uikit\",\"version\":33,\"autoload\":\"template=admin\",\"created\":1722511016,\"configurable\":4},\"148\":{\"name\":\"AdminThemeDefault\",\"title\":\"Default\",\"version\":14,\"autoload\":\"template=admin\",\"created\":1722511000,\"configurable\":19},\"115\":{\"name\":\"PageRender\",\"title\":\"Page Render\",\"version\":105,\"autoload\":true,\"singular\":true,\"created\":1722511000,\"configurable\":3,\"permanent\":true},\"61\":{\"name\":\"TextformatterEntities\",\"title\":\"HTML Entity Encoder (htmlspecialchars)\",\"version\":100,\"created\":1722511000},\"7\":{\"name\":\"ProcessPageEdit\",\"title\":\"Page Edit\",\"version\":112,\"icon\":\"edit\",\"permission\":\"page-edit\",\"singular\":1,\"created\":1722511000,\"configurable\":3,\"permanent\":true,\"useNavJSON\":true},\"10\":{\"name\":\"ProcessLogin\",\"title\":\"Login\",\"version\":109,\"permission\":\"page-view\",\"created\":1722511000,\"configurable\":4,\"permanent\":true},\"12\":{\"name\":\"ProcessPageList\",\"title\":\"Page List\",\"version\":124,\"icon\":\"sitemap\",\"permission\":\"page-edit\",\"created\":1722511000,\"configurable\":3,\"permanent\":true,\"useNavJSON\":true},\"121\":{\"name\":\"ProcessPageEditLink\",\"title\":\"Page Edit Link\",\"version\":112,\"icon\":\"link\",\"permission\":\"page-edit\",\"singular\":1,\"created\":1722511000,\"configurable\":4,\"permanent\":true},\"48\":{\"name\":\"ProcessField\",\"title\":\"Fields\",\"version\":114,\"icon\":\"cube\",\"permission\":\"field-admin\",\"created\":1722511000,\"configurable\":3,\"permanent\":true,\"useNavJSON\":true,\"addFlag\":32},\"47\":{\"name\":\"ProcessTemplate\",\"title\":\"Templates\",\"version\":114,\"icon\":\"cubes\",\"permission\":\"template-admin\",\"created\":1722511000,\"configurable\":4,\"permanent\":true,\"useNavJSON\":true},\"129\":{\"name\":\"ProcessPageEditImageSelect\",\"title\":\"Page Edit Image\",\"version\":121,\"permission\":\"page-edit\",\"singular\":1,\"created\":1722511000,\"configurable\":3,\"permanent\":true},\"76\":{\"name\":\"ProcessList\",\"title\":\"List\",\"version\":101,\"permission\":\"page-view\",\"created\":1722511000,\"permanent\":true},\"17\":{\"name\":\"ProcessPageAdd\",\"title\":\"Page Add\",\"version\":109,\"icon\":\"plus-circle\",\"permission\":\"page-edit\",\"created\":1722511000,\"configurable\":3,\"permanent\":true,\"useNavJSON\":true},\"68\":{\"name\":\"ProcessRole\",\"title\":\"Roles\",\"version\":104,\"icon\":\"gears\",\"permission\":\"role-admin\",\"created\":1722511000,\"configurable\":3,\"permanent\":true,\"useNavJSON\":true},\"167\":{\"name\":\"ProcessLogger\",\"title\":\"Logs\",\"version\":2,\"icon\":\"tree\",\"permission\":\"logs-view\",\"singular\":1,\"created\":1722511017,\"useNavJSON\":true},\"87\":{\"name\":\"ProcessHome\",\"title\":\"Admin Home\",\"version\":101,\"permission\":\"page-view\",\"created\":1722511000,\"permanent\":true},\"50\":{\"name\":\"ProcessModule\",\"title\":\"Modules\",\"version\":120,\"permission\":\"module-admin\",\"created\":1722511000,\"permanent\":true,\"useNavJSON\":true,\"nav\":[{\"url\":\"?site#tab_site_modules\",\"label\":\"Site\",\"icon\":\"plug\",\"navJSON\":\"navJSON\\/?site=1\"},{\"url\":\"?core#tab_core_modules\",\"label\":\"Core\",\"icon\":\"plug\",\"navJSON\":\"navJSON\\/?core=1\"},{\"url\":\"?configurable#tab_configurable_modules\",\"label\":\"Configure\",\"icon\":\"gear\",\"navJSON\":\"navJSON\\/?configurable=1\"},{\"url\":\"?install#tab_install_modules\",\"label\":\"Install\",\"icon\":\"sign-in\",\"navJSON\":\"navJSON\\/?install=1\"},{\"url\":\"?new#tab_new_modules\",\"label\":\"New\",\"icon\":\"plus\"},{\"url\":\"?reset=1\",\"label\":\"Refresh\",\"icon\":\"refresh\"}]},\"14\":{\"name\":\"ProcessPageSort\",\"title\":\"Page Sort and Move\",\"version\":100,\"permission\":\"page-edit\",\"created\":1722511000,\"permanent\":true},\"134\":{\"name\":\"ProcessPageType\",\"title\":\"Page Type\",\"version\":101,\"singular\":1,\"created\":1722511000,\"configurable\":3,\"permanent\":true,\"useNavJSON\":true,\"addFlag\":32},\"150\":{\"name\":\"ProcessPageLister\",\"title\":\"Lister\",\"version\":26,\"icon\":\"search\",\"permission\":\"page-lister\",\"created\":1722511000,\"configurable\":true,\"permanent\":true,\"useNavJSON\":true,\"addFlag\":32},\"165\":{\"name\":\"ProcessRecentPages\",\"title\":\"Recent Pages\",\"version\":2,\"icon\":\"clock-o\",\"permission\":\"page-edit-recent\",\"singular\":1,\"created\":1722511016,\"useNavJSON\":true,\"nav\":[{\"url\":\"?edited=1\",\"label\":\"Edited\",\"icon\":\"users\",\"navJSON\":\"navJSON\\/?edited=1\"},{\"url\":\"?added=1\",\"label\":\"Created\",\"icon\":\"users\",\"navJSON\":\"navJSON\\/?added=1\"},{\"url\":\"?edited=1&me=1\",\"label\":\"Edited by me\",\"icon\":\"user\",\"navJSON\":\"navJSON\\/?edited=1&me=1\"},{\"url\":\"?added=1&me=1\",\"label\":\"Created by me\",\"icon\":\"user\",\"navJSON\":\"navJSON\\/?added=1&me=1\"},{\"url\":\"another\\/\",\"label\":\"Add another\",\"icon\":\"plus-circle\",\"navJSON\":\"anotherNavJSON\\/\"}]},\"83\":{\"name\":\"ProcessPageView\",\"title\":\"Page View\",\"version\":106,\"permission\":\"page-view\",\"created\":1722511000,\"permanent\":true},\"109\":{\"name\":\"ProcessPageTrash\",\"title\":\"Page Trash\",\"version\":103,\"singular\":1,\"created\":1722511000,\"permanent\":true},\"138\":{\"name\":\"ProcessProfile\",\"title\":\"User Profile\",\"version\":105,\"permission\":\"profile-edit\",\"singular\":1,\"created\":1722511000,\"configurable\":3,\"permanent\":true},\"104\":{\"name\":\"ProcessPageSearch\",\"title\":\"Page Search\",\"version\":108,\"permission\":\"page-edit\",\"singular\":1,\"created\":1722511000,\"configurable\":3,\"permanent\":true},\"136\":{\"name\":\"ProcessPermission\",\"title\":\"Permissions\",\"version\":101,\"icon\":\"gear\",\"permission\":\"permission-admin\",\"singular\":1,\"created\":1722511000,\"configurable\":3,\"permanent\":true,\"useNavJSON\":true},\"66\":{\"name\":\"ProcessUser\",\"title\":\"Users\",\"version\":107,\"icon\":\"group\",\"permission\":\"user-admin\",\"created\":1722511000,\"configurable\":\"ProcessUserConfig.php\",\"permanent\":true,\"useNavJSON\":true},\"151\":{\"name\":\"JqueryMagnific\",\"title\":\"jQuery Magnific Popup\",\"version\":\"1.1.0\",\"singular\":1,\"created\":1722511000},\"117\":{\"name\":\"JqueryUI\",\"title\":\"jQuery UI\",\"version\":\"1.10.4\",\"singular\":true,\"created\":1722511000,\"permanent\":true},\"103\":{\"name\":\"JqueryTableSorter\",\"title\":\"jQuery Table Sorter Plugin\",\"version\":\"2.31.3\",\"singular\":1,\"created\":1722511000},\"116\":{\"name\":\"JqueryCore\",\"title\":\"jQuery Core\",\"version\":\"1.12.4\",\"singular\":true,\"created\":1722511000,\"permanent\":true},\"45\":{\"name\":\"JqueryWireTabs\",\"title\":\"jQuery Wire Tabs Plugin\",\"version\":110,\"created\":1722511000,\"configurable\":3,\"permanent\":true},\"139\":{\"name\":\"SystemUpdater\",\"title\":\"System Updater\",\"version\":20,\"singular\":true,\"created\":1722511000,\"configurable\":3,\"permanent\":true},\"112\":{\"name\":\"InputfieldPageTitle\",\"title\":\"Page Title\",\"version\":102,\"created\":1722511000,\"permanent\":true},\"37\":{\"name\":\"InputfieldCheckbox\",\"title\":\"Checkbox\",\"version\":106,\"created\":1722511000,\"permanent\":true},\"56\":{\"name\":\"InputfieldImage\",\"title\":\"Images\",\"version\":127,\"created\":1722511000,\"permanent\":true},\"80\":{\"name\":\"InputfieldEmail\",\"title\":\"Email\",\"version\":102,\"created\":1722511000},\"55\":{\"name\":\"InputfieldFile\",\"title\":\"Files\",\"version\":128,\"created\":1722511000,\"permanent\":true},\"79\":{\"name\":\"InputfieldMarkup\",\"title\":\"Markup\",\"version\":102,\"created\":1722511000,\"permanent\":true},\"36\":{\"name\":\"InputfieldSelect\",\"title\":\"Select\",\"version\":102,\"created\":1722511000,\"permanent\":true},\"43\":{\"name\":\"InputfieldSelectMultiple\",\"title\":\"Select Multiple\",\"version\":101,\"created\":1722511000,\"permanent\":true},\"94\":{\"name\":\"InputfieldDatetime\",\"title\":\"Datetime\",\"version\":107,\"created\":1722511000,\"permanent\":true},\"41\":{\"name\":\"InputfieldName\",\"title\":\"Name\",\"version\":100,\"created\":1722511000,\"permanent\":true},\"86\":{\"name\":\"InputfieldPageName\",\"title\":\"Page Name\",\"version\":106,\"created\":1722511000,\"configurable\":3,\"permanent\":true},\"15\":{\"name\":\"InputfieldPageListSelect\",\"title\":\"Page List Select\",\"version\":101,\"created\":1722511000,\"permanent\":true},\"137\":{\"name\":\"InputfieldPageListSelectMultiple\",\"title\":\"Page List Select Multiple\",\"version\":103,\"created\":1722511000,\"permanent\":true},\"169\":{\"name\":\"InputfieldTextTags\",\"title\":\"Text Tags\",\"version\":6,\"icon\":\"tags\",\"created\":1726924787},\"38\":{\"name\":\"InputfieldCheckboxes\",\"title\":\"Checkboxes\",\"version\":108,\"created\":1722511000,\"permanent\":true},\"131\":{\"name\":\"InputfieldButton\",\"title\":\"Button\",\"version\":100,\"created\":1722511000,\"permanent\":true},\"108\":{\"name\":\"InputfieldURL\",\"title\":\"URL\",\"version\":103,\"created\":1722511000},\"85\":{\"name\":\"InputfieldInteger\",\"title\":\"Integer\",\"version\":105,\"created\":1722511000,\"permanent\":true},\"34\":{\"name\":\"InputfieldText\",\"title\":\"Text\",\"version\":106,\"created\":1722511000,\"permanent\":true},\"35\":{\"name\":\"InputfieldTextarea\",\"title\":\"Textarea\",\"version\":103,\"created\":1722511000,\"permanent\":true},\"25\":{\"name\":\"InputfieldAsmSelect\",\"title\":\"asmSelect\",\"version\":203,\"created\":1722511000,\"permanent\":true},\"39\":{\"name\":\"InputfieldRadios\",\"title\":\"Radio Buttons\",\"version\":106,\"created\":1722511000,\"permanent\":true},\"168\":{\"name\":\"InputfieldIcon\",\"title\":\"Icon\",\"version\":3,\"created\":1722511017},\"149\":{\"name\":\"InputfieldSelector\",\"title\":\"Selector\",\"version\":28,\"autoload\":\"template=admin\",\"created\":1722511000,\"configurable\":3,\"addFlag\":32},\"60\":{\"name\":\"InputfieldPage\",\"title\":\"Page\",\"version\":108,\"created\":1722511000,\"configurable\":3,\"permanent\":true},\"170\":{\"name\":\"InputfieldPageAutocomplete\",\"title\":\"Page Auto Complete\",\"version\":113,\"created\":1727003733},\"90\":{\"name\":\"InputfieldFloat\",\"title\":\"Float\",\"version\":105,\"created\":1722511000,\"permanent\":true},\"78\":{\"name\":\"InputfieldFieldset\",\"title\":\"Fieldset\",\"version\":101,\"created\":1722511000,\"permanent\":true},\"155\":{\"name\":\"InputfieldTinyMCE\",\"title\":\"TinyMCE\",\"version\":616,\"icon\":\"keyboard-o\",\"requiresVersions\":{\"ProcessWire\":[\">=\",\"3.0.200\"],\"MarkupHTMLPurifier\":[\">=\",0]},\"created\":1722511000,\"configurable\":4},\"122\":{\"name\":\"InputfieldPassword\",\"title\":\"Password\",\"version\":102,\"created\":1722511000,\"permanent\":true},\"171\":{\"name\":\"InputfieldToggle\",\"title\":\"Toggle\",\"version\":1,\"created\":1727003797},\"32\":{\"name\":\"InputfieldSubmit\",\"title\":\"Submit\",\"version\":103,\"created\":1722511000,\"permanent\":true},\"40\":{\"name\":\"InputfieldHidden\",\"title\":\"Hidden\",\"version\":101,\"created\":1722511000,\"permanent\":true},\"30\":{\"name\":\"InputfieldForm\",\"title\":\"Form\",\"version\":107,\"created\":1722511000,\"permanent\":true},\"156\":{\"name\":\"MarkupHTMLPurifier\",\"title\":\"HTML Purifier\",\"version\":497,\"created\":1722511000},\"98\":{\"name\":\"MarkupPagerNav\",\"title\":\"Pager (Pagination) Navigation\",\"version\":105,\"created\":1722511000},\"67\":{\"name\":\"MarkupAdminDataTable\",\"title\":\"Admin Data Table\",\"version\":107,\"created\":1722511000,\"permanent\":true},\"113\":{\"name\":\"MarkupPageArray\",\"title\":\"PageArray Markup\",\"version\":100,\"autoload\":true,\"singular\":true,\"created\":1722511000},\"172\":{\"name\":\"FormBuilder\",\"title\":\"Form Builder\",\"version\":55,\"icon\":\"building\",\"requiresVersions\":{\"ProcessWire\":[\">=\",\"3.0.200\"]},\"installs\":[\"ProcessFormBuilder\",\"InputfieldFormBuilderFile\"],\"autoload\":true,\"singular\":true,\"created\":1727004817,\"configurable\":true},\"173\":{\"name\":\"ProcessFormBuilder\",\"title\":\"Forms\",\"version\":55,\"icon\":\"building\",\"requiresVersions\":{\"FormBuilder\":[\">=\",0]},\"permission\":\"form-builder\",\"singular\":1,\"created\":1727004817,\"useNavJSON\":true,\"nav\":[{\"url\":\"?entries\",\"label\":\"Entries\",\"icon\":\"server\",\"navJSON\":\"navJSON\\/?get=entries\"},{\"url\":\"?edit\",\"label\":\"Edit\",\"icon\":\"pencil-square-o\",\"navJSON\":\"navJSON\\/?get=edit\"},{\"url\":\"addForm\\/\",\"label\":\"Add New\",\"icon\":\"plus-circle\",\"permission\":\"form-builder-add\"}]},\"174\":{\"name\":\"InputfieldFormBuilderFile\",\"title\":\"File (for FormBuilder)\",\"version\":3,\"requiresVersions\":{\"FormBuilder\":[\">=\",0]},\"created\":1727004817},\"178\":{\"name\":\"ProcessAdminActions\",\"title\":\"Admin Actions\",\"version\":\"0.9.6\",\"icon\":\"wrench\",\"permission\":\"page-view\",\"singular\":true,\"configurable\":3,\"useNavJSON\":true,\"permissionMethod\":\"permissionCheck\"}}', '2024-08-01 13:16:56');
INSERT INTO `modules` (`id`, `class`, `flags`, `data`, `created`) VALUES('162', '.ModulesVerbose.info', '8192', '{\"114\":{\"summary\":\"Adds various permission methods to Page objects that are used by Process modules.\",\"core\":true,\"versionStr\":\"1.0.5\"},\"125\":{\"summary\":\"Throttles login attempts to help prevent dictionary attacks.\",\"core\":true,\"versionStr\":\"1.0.3\"},\"84\":{\"summary\":\"Field that stores an integer\",\"core\":true,\"versionStr\":\"1.0.2\"},\"107\":{\"summary\":\"Open a fieldset to group fields. Same as Fieldset (Open) except that it displays in a tab instead.\",\"core\":true,\"versionStr\":\"1.0.0\"},\"28\":{\"summary\":\"Field that stores a date and optionally time\",\"core\":true,\"versionStr\":\"1.0.5\"},\"133\":{\"summary\":\"Field that stores a hashed and salted password\",\"core\":true,\"versionStr\":\"1.0.1\"},\"89\":{\"summary\":\"Field that stores a floating point number\",\"core\":true,\"versionStr\":\"1.0.7\"},\"105\":{\"summary\":\"Open a fieldset to group fields. Should be followed by a Fieldset (Close) after one or more fields.\",\"core\":true,\"versionStr\":\"1.0.1\"},\"29\":{\"summary\":\"Field that stores an e-mail address\",\"core\":true,\"versionStr\":\"1.0.1\"},\"135\":{\"summary\":\"Field that stores a URL\",\"core\":true,\"versionStr\":\"1.0.1\"},\"106\":{\"summary\":\"Close a fieldset opened by FieldsetOpen. \",\"core\":true,\"versionStr\":\"1.0.0\"},\"175\":{\"summary\":\"Field that stores single and multi select options.\",\"core\":true,\"versionStr\":\"0.0.2\"},\"97\":{\"summary\":\"This Fieldtype stores an ON\\/OFF toggle via a single checkbox. The ON value is 1 and OFF value is 0.\",\"core\":true,\"versionStr\":\"1.0.1\"},\"3\":{\"summary\":\"Field that stores a single line of text\",\"core\":true,\"versionStr\":\"1.0.2\"},\"111\":{\"summary\":\"Field that stores a page title\",\"core\":true,\"versionStr\":\"1.0.0\"},\"6\":{\"summary\":\"Field that stores one or more files\",\"core\":true,\"versionStr\":\"1.0.7\"},\"57\":{\"summary\":\"Field that stores one or more GIF, JPG, or PNG images\",\"core\":true,\"versionStr\":\"1.0.2\"},\"1\":{\"summary\":\"Field that stores multiple lines of text\",\"core\":true,\"versionStr\":\"1.0.7\"},\"4\":{\"summary\":\"Field that stores one or more references to ProcessWire pages\",\"core\":true,\"versionStr\":\"1.0.7\"},\"177\":{\"summary\":\"Repeats fields from another template. Provides the input for FieldtypeRepeater.\",\"core\":true,\"versionStr\":\"1.1.1\"},\"176\":{\"summary\":\"Maintains a collection of fields that are repeated for any number of times.\",\"core\":true,\"versionStr\":\"1.1.2\"},\"27\":{\"summary\":\"Field that stores a reference to another module\",\"core\":true,\"versionStr\":\"1.0.2\"},\"166\":{\"summary\":\"Uikit v3 admin theme\",\"core\":true,\"versionStr\":\"0.3.3\"},\"148\":{\"summary\":\"Minimal admin theme that supports all ProcessWire features.\",\"core\":true,\"versionStr\":\"0.1.4\"},\"115\":{\"summary\":\"Adds a render method to Page and caches page output.\",\"core\":true,\"versionStr\":\"1.0.5\"},\"61\":{\"summary\":\"Entity encode ampersands, quotes (single and double) and greater-than\\/less-than signs using htmlspecialchars(str, ENT_QUOTES). It is recommended that you use this on all text\\/textarea fields except those using a rich text editor or a markup language like Markdown.\",\"core\":true,\"versionStr\":\"1.0.0\"},\"7\":{\"summary\":\"Edit a Page\",\"core\":true,\"versionStr\":\"1.1.2\"},\"10\":{\"summary\":\"Login to ProcessWire\",\"core\":true,\"versionStr\":\"1.0.9\"},\"12\":{\"summary\":\"List pages in a hierarchical tree structure\",\"core\":true,\"versionStr\":\"1.2.4\"},\"121\":{\"summary\":\"Provides a link capability as used by some Fieldtype modules (like rich text editors).\",\"core\":true,\"versionStr\":\"1.1.2\"},\"48\":{\"summary\":\"Edit individual fields that hold page data\",\"core\":true,\"versionStr\":\"1.1.4\",\"searchable\":\"fields\"},\"47\":{\"summary\":\"List and edit the templates that control page output\",\"core\":true,\"versionStr\":\"1.1.4\",\"searchable\":\"templates\"},\"129\":{\"summary\":\"Provides image manipulation functions for image fields and rich text editors.\",\"core\":true,\"versionStr\":\"1.2.1\"},\"76\":{\"summary\":\"Lists the Process assigned to each child page of the current\",\"core\":true,\"versionStr\":\"1.0.1\"},\"17\":{\"summary\":\"Add a new page\",\"core\":true,\"versionStr\":\"1.0.9\"},\"68\":{\"summary\":\"Manage user roles and what permissions are attached\",\"core\":true,\"versionStr\":\"1.0.4\"},\"167\":{\"summary\":\"View and manage system logs.\",\"author\":\"Ryan Cramer\",\"core\":true,\"versionStr\":\"0.0.2\",\"permissions\":{\"logs-view\":\"Can view system logs\",\"logs-edit\":\"Can manage system logs\"},\"page\":{\"name\":\"logs\",\"parent\":\"setup\",\"title\":\"Logs\"}},\"87\":{\"summary\":\"Acts as a placeholder Process for the admin root. Ensures proper flow control after login.\",\"core\":true,\"versionStr\":\"1.0.1\"},\"50\":{\"summary\":\"List, edit or install\\/uninstall modules\",\"core\":true,\"versionStr\":\"1.2.0\"},\"14\":{\"summary\":\"Handles page sorting and moving for PageList\",\"core\":true,\"versionStr\":\"1.0.0\"},\"134\":{\"summary\":\"List, Edit and Add pages of a specific type\",\"core\":true,\"versionStr\":\"1.0.1\"},\"150\":{\"summary\":\"Admin tool for finding and listing pages by any property.\",\"author\":\"Ryan Cramer\",\"core\":true,\"versionStr\":\"0.2.6\",\"permissions\":{\"page-lister\":\"Use Page Lister\"}},\"165\":{\"summary\":\"Shows a list of recently edited pages in your admin.\",\"author\":\"Ryan Cramer\",\"href\":\"http:\\/\\/modules.processwire.com\\/\",\"core\":true,\"versionStr\":\"0.0.2\",\"permissions\":{\"page-edit-recent\":\"Can see recently edited pages\"},\"page\":{\"name\":\"recent-pages\",\"parent\":\"page\",\"title\":\"Recent\"}},\"83\":{\"summary\":\"All page views are routed through this Process\",\"core\":true,\"versionStr\":\"1.0.6\"},\"109\":{\"summary\":\"Handles emptying of Page trash\",\"core\":true,\"versionStr\":\"1.0.3\"},\"138\":{\"summary\":\"Enables user to change their password, email address and other settings that you define.\",\"core\":true,\"versionStr\":\"1.0.5\"},\"104\":{\"summary\":\"Provides a page search engine for admin use.\",\"core\":true,\"versionStr\":\"1.0.8\"},\"136\":{\"summary\":\"Manage system permissions\",\"core\":true,\"versionStr\":\"1.0.1\"},\"66\":{\"summary\":\"Manage system users\",\"core\":true,\"versionStr\":\"1.0.7\",\"searchable\":\"users\"},\"151\":{\"summary\":\"Provides lightbox capability for image galleries. Replacement for FancyBox. Uses Magnific Popup by @dimsemenov.\",\"href\":\"https:\\/\\/github.com\\/dimsemenov\\/Magnific-Popup\\/\",\"core\":true,\"versionStr\":\"1.1.0\"},\"117\":{\"summary\":\"jQuery UI as required by ProcessWire and plugins\",\"href\":\"https:\\/\\/ui.jquery.com\",\"core\":true,\"versionStr\":\"1.10.4\"},\"103\":{\"summary\":\"Provides a jQuery plugin for sorting tables.\",\"href\":\"https:\\/\\/mottie.github.io\\/tablesorter\\/\",\"core\":true,\"versionStr\":\"2.31.3\"},\"116\":{\"summary\":\"jQuery Core as required by ProcessWire Admin and plugins\",\"href\":\"https:\\/\\/jquery.com\",\"core\":true,\"versionStr\":\"1.12.4\"},\"45\":{\"summary\":\"Provides a jQuery plugin for generating tabs in ProcessWire.\",\"core\":true,\"versionStr\":\"1.1.0\"},\"139\":{\"summary\":\"Manages system versions and upgrades.\",\"core\":true,\"versionStr\":\"0.2.0\"},\"112\":{\"summary\":\"Handles input of Page Title and auto-generation of Page Name (when name is blank)\",\"core\":true,\"versionStr\":\"1.0.2\"},\"37\":{\"summary\":\"Single checkbox toggle\",\"core\":true,\"versionStr\":\"1.0.6\"},\"56\":{\"summary\":\"One or more image uploads (sortable)\",\"core\":true,\"versionStr\":\"1.2.7\"},\"80\":{\"summary\":\"E-Mail address in valid format\",\"core\":true,\"versionStr\":\"1.0.2\"},\"55\":{\"summary\":\"One or more file uploads (sortable)\",\"core\":true,\"versionStr\":\"1.2.8\"},\"79\":{\"summary\":\"Contains any other markup and optionally child Inputfields\",\"core\":true,\"versionStr\":\"1.0.2\"},\"36\":{\"summary\":\"Selection of a single value from a select pulldown\",\"core\":true,\"versionStr\":\"1.0.2\"},\"43\":{\"summary\":\"Select multiple items from a list\",\"core\":true,\"versionStr\":\"1.0.1\"},\"94\":{\"summary\":\"Inputfield that accepts date and optionally time\",\"core\":true,\"versionStr\":\"1.0.7\"},\"41\":{\"summary\":\"Text input validated as a ProcessWire name field\",\"core\":true,\"versionStr\":\"1.0.0\"},\"86\":{\"summary\":\"Text input validated as a ProcessWire Page name field\",\"core\":true,\"versionStr\":\"1.0.6\"},\"15\":{\"summary\":\"Selection of a single page from a ProcessWire page tree list\",\"core\":true,\"versionStr\":\"1.0.1\"},\"137\":{\"summary\":\"Selection of multiple pages from a ProcessWire page tree list\",\"core\":true,\"versionStr\":\"1.0.3\"},\"169\":{\"summary\":\"Enables input of user entered tags or selection of predefined tags.\",\"core\":true,\"versionStr\":\"0.0.6\"},\"38\":{\"summary\":\"Multiple checkbox toggles\",\"core\":true,\"versionStr\":\"1.0.8\"},\"131\":{\"summary\":\"Form button element that you can optionally pass an href attribute to.\",\"core\":true,\"versionStr\":\"1.0.0\"},\"108\":{\"summary\":\"URL in valid format\",\"core\":true,\"versionStr\":\"1.0.3\"},\"85\":{\"summary\":\"Integer (positive or negative)\",\"core\":true,\"versionStr\":\"1.0.5\"},\"34\":{\"summary\":\"Single line of text\",\"core\":true,\"versionStr\":\"1.0.6\"},\"35\":{\"summary\":\"Multiple lines of text\",\"core\":true,\"versionStr\":\"1.0.3\"},\"25\":{\"summary\":\"Multiple selection, progressive enhancement to select multiple\",\"core\":true,\"versionStr\":\"2.0.3\"},\"39\":{\"summary\":\"Radio buttons for selection of a single item\",\"core\":true,\"versionStr\":\"1.0.6\"},\"168\":{\"summary\":\"Select an icon\",\"core\":true,\"versionStr\":\"0.0.3\"},\"149\":{\"summary\":\"Build a page finding selector visually.\",\"author\":\"Avoine + ProcessWire\",\"core\":true,\"versionStr\":\"0.2.8\"},\"60\":{\"summary\":\"Select one or more pages\",\"core\":true,\"versionStr\":\"1.0.8\"},\"170\":{\"summary\":\"Multiple Page selection using auto completion and sorting capability. Intended for use as an input field for Page reference fields.\",\"core\":true,\"versionStr\":\"1.1.3\"},\"90\":{\"summary\":\"Floating point number with precision\",\"core\":true,\"versionStr\":\"1.0.5\"},\"78\":{\"summary\":\"Groups one or more fields together in a container\",\"core\":true,\"versionStr\":\"1.0.1\"},\"155\":{\"summary\":\"TinyMCE rich text editor version 6.4.1.\",\"core\":true,\"versionStr\":\"6.1.6\"},\"122\":{\"summary\":\"Password input with confirmation field that doesn&#039;t ever echo the input back.\",\"core\":true,\"versionStr\":\"1.0.2\"},\"171\":{\"summary\":\"A toggle providing similar input capability to a checkbox but much more configurable.\",\"core\":true,\"versionStr\":\"0.0.1\"},\"32\":{\"summary\":\"Form submit button\",\"core\":true,\"versionStr\":\"1.0.3\"},\"40\":{\"summary\":\"Hidden value in a form\",\"core\":true,\"versionStr\":\"1.0.1\"},\"30\":{\"summary\":\"Contains one or more fields in a form\",\"core\":true,\"versionStr\":\"1.0.7\"},\"156\":{\"summary\":\"Front-end to the HTML Purifier library.\",\"core\":true,\"versionStr\":\"4.9.7\"},\"98\":{\"summary\":\"Generates markup for pagination navigation\",\"core\":true,\"versionStr\":\"1.0.5\"},\"67\":{\"summary\":\"Generates markup for data tables used by ProcessWire admin\",\"core\":true,\"versionStr\":\"1.0.7\"},\"113\":{\"summary\":\"Adds renderPager() method to all PaginatedArray types, for easy pagination output. Plus a render() method to PageArray instances.\",\"core\":true,\"versionStr\":\"1.0.0\"},\"172\":{\"summary\":\"Create or edit forms and manage submitted entries.\",\"versionStr\":\"0.5.5\"},\"173\":{\"summary\":\"Create or edit forms and manage submitted entries.\",\"versionStr\":\"0.5.5\"},\"174\":{\"summary\":\"Form Builder file(s) upload input\",\"versionStr\":\"0.0.3\"},\"178\":{\"summary\":\"Control panel for running various admin actions\",\"author\":\"Adrian Jones\",\"versionStr\":\"0.9.6\",\"permissions\":{\"admin-actions\":\"Run selected AdminActions actions\",\"admin-actions-restore\":\"Run AdminActions restore feature\"},\"page\":{\"name\":\"admin-actions\",\"parent\":\"setup\",\"title\":\"Admin Actions\"}}}', '2024-08-01 13:16:56');
INSERT INTO `modules` (`id`, `class`, `flags`, `data`, `created`) VALUES('163', '.ModulesUninstalled.info', '8192', '{\"ImageSizerEngineIMagick\":{\"name\":\"ImageSizerEngineIMagick\",\"title\":\"IMagick Image Sizer\",\"version\":3,\"versionStr\":\"0.0.3\",\"author\":\"Horst Nogajski\",\"summary\":\"Upgrades image manipulations to use PHP\'s ImageMagick library when possible.\",\"created\":1724488285,\"installed\":false,\"configurable\":4,\"core\":true},\"ImageSizerEngineAnimatedGif\":{\"name\":\"ImageSizerEngineAnimatedGif\",\"title\":\"Animated GIF Image Sizer\",\"version\":1,\"versionStr\":\"0.0.1\",\"author\":\"Horst Nogajski\",\"summary\":\"Upgrades image manipulations for animated GIFs.\",\"created\":1724488285,\"installed\":false,\"configurable\":4,\"core\":true},\"ProcessSessionDB\":{\"name\":\"ProcessSessionDB\",\"title\":\"Sessions\",\"version\":5,\"versionStr\":\"0.0.5\",\"summary\":\"Enables you to browse active database sessions.\",\"icon\":\"dashboard\",\"requiresVersions\":{\"SessionHandlerDB\":[\">=\",0]},\"created\":1724488285,\"installed\":false,\"core\":true,\"page\":{\"name\":\"sessions-db\",\"parent\":\"access\",\"title\":\"Sessions\"}},\"SessionHandlerDB\":{\"name\":\"SessionHandlerDB\",\"title\":\"Session Handler Database\",\"version\":6,\"versionStr\":\"0.0.6\",\"summary\":\"Installing this module makes ProcessWire store sessions in the database rather than the file system. Note that this module will log you out after install or uninstall.\",\"installs\":[\"ProcessSessionDB\"],\"created\":1724488285,\"installed\":false,\"configurable\":3,\"core\":true},\"FieldtypePageTable\":{\"name\":\"FieldtypePageTable\",\"title\":\"ProFields: Page Table\",\"version\":8,\"versionStr\":\"0.0.8\",\"summary\":\"A fieldtype containing a group of editable pages.\",\"installs\":[\"InputfieldPageTable\"],\"autoload\":true,\"created\":1724488285,\"installed\":false,\"core\":true},\"FieldtypeToggle\":{\"name\":\"FieldtypeToggle\",\"title\":\"Toggle (Yes\\/No)\",\"version\":1,\"versionStr\":\"0.0.1\",\"summary\":\"Configurable yes\\/no, on\\/off toggle alternative to a checkbox, plus optional \\u201cother\\u201d option.\",\"requiresVersions\":{\"InputfieldToggle\":[\">=\",0]},\"created\":1724488285,\"installed\":false,\"core\":true},\"FieldtypeDecimal\":{\"name\":\"FieldtypeDecimal\",\"title\":\"Decimal\",\"version\":1,\"versionStr\":\"0.0.1\",\"summary\":\"Field that stores a decimal number\",\"created\":1724488285,\"installed\":false,\"core\":true},\"FieldtypeCache\":{\"name\":\"FieldtypeCache\",\"title\":\"Cache\",\"version\":102,\"versionStr\":\"1.0.2\",\"summary\":\"Caches the values of other fields for fewer runtime queries. Can also be used to combine multiple text fields and have them all be searchable under the cached field name.\",\"created\":1724488285,\"installed\":false,\"core\":true},\"FieldtypeSelector\":{\"name\":\"FieldtypeSelector\",\"title\":\"Selector\",\"version\":13,\"versionStr\":\"0.1.3\",\"author\":\"Avoine + ProcessWire\",\"summary\":\"Build a page finding selector visually.\",\"created\":1724488285,\"installed\":false,\"core\":true},\"FieldtypeComments\":{\"name\":\"FieldtypeComments\",\"title\":\"Comments\",\"version\":110,\"versionStr\":\"1.1.0\",\"summary\":\"Field that stores user posted comments for a single Page\",\"installs\":[\"InputfieldCommentsAdmin\"],\"created\":1724488285,\"installed\":false,\"core\":true},\"CommentFilterAkismet\":{\"name\":\"CommentFilterAkismet\",\"title\":\"Comment Filter: Akismet\",\"version\":200,\"versionStr\":\"2.0.0\",\"summary\":\"Uses the Akismet service to identify comment spam. Module plugin for the Comments Fieldtype.\",\"requiresVersions\":{\"FieldtypeComments\":[\">=\",0]},\"created\":1724488285,\"installed\":false,\"configurable\":3,\"core\":true},\"InputfieldCommentsAdmin\":{\"name\":\"InputfieldCommentsAdmin\",\"title\":\"Comments Admin\",\"version\":104,\"versionStr\":\"1.0.4\",\"summary\":\"Provides an administrative interface for working with comments\",\"requiresVersions\":{\"FieldtypeComments\":[\">=\",0]},\"created\":1724488285,\"installed\":false,\"core\":true},\"FieldtypeFieldsetPage\":{\"name\":\"FieldtypeFieldsetPage\",\"title\":\"Fieldset (Page)\",\"version\":1,\"versionStr\":\"0.0.1\",\"summary\":\"Fieldset with fields isolated to separate namespace (page), enabling re-use of fields.\",\"requiresVersions\":{\"FieldtypeRepeater\":[\">=\",0]},\"autoload\":true,\"created\":1724488285,\"installed\":false,\"configurable\":3,\"core\":true},\"AdminThemeReno\":{\"name\":\"AdminThemeReno\",\"title\":\"Reno\",\"version\":17,\"versionStr\":\"0.1.7\",\"author\":\"Tom Reno (Renobird)\",\"summary\":\"Admin theme for ProcessWire 2.5+ by Tom Reno (Renobird)\",\"requiresVersions\":{\"AdminThemeDefault\":[\">=\",0]},\"autoload\":\"template=admin\",\"created\":1724488285,\"installed\":false,\"configurable\":3,\"core\":true},\"PageFrontEdit\":{\"name\":\"PageFrontEdit\",\"title\":\"Front-End Page Editor\",\"version\":6,\"versionStr\":\"0.0.6\",\"author\":\"Ryan Cramer\",\"summary\":\"Enables front-end editing of page fields.\",\"icon\":\"cube\",\"permissions\":{\"page-edit-front\":\"Use the front-end page editor\"},\"autoload\":true,\"created\":1724488285,\"installed\":false,\"configurable\":\"PageFrontEditConfig.php\",\"core\":true,\"license\":\"MPL 2.0\"},\"LazyCron\":{\"name\":\"LazyCron\",\"title\":\"Lazy Cron\",\"version\":103,\"versionStr\":\"1.0.3\",\"summary\":\"Provides hooks that are automatically executed at various intervals. It is called \'lazy\' because it\'s triggered by a pageview, so the interval is guaranteed to be at least the time requested, rather than exactly the time requested. This is fine for most cases, but you can make it not lazy by connecting this to a real CRON job. See the module file for details. \",\"href\":\"https:\\/\\/processwire.com\\/api\\/modules\\/lazy-cron\\/\",\"autoload\":true,\"singular\":true,\"created\":1724488285,\"installed\":false,\"core\":true},\"FileCompilerTags\":{\"name\":\"FileCompilerTags\",\"title\":\"Tags File Compiler\",\"version\":1,\"versionStr\":\"0.0.1\",\"summary\":\"Enables {var} or {var.property} variables in markup sections of a file. Can be used with any API variable.\",\"created\":1724488285,\"installed\":false,\"configurable\":4,\"core\":true},\"TextformatterNewlineBR\":{\"name\":\"TextformatterNewlineBR\",\"title\":\"Newlines to XHTML Line Breaks\",\"version\":100,\"versionStr\":\"1.0.0\",\"summary\":\"Converts newlines to XHTML line break <br \\/> tags. \",\"created\":1724488285,\"installed\":false,\"core\":true},\"TextformatterNewlineUL\":{\"name\":\"TextformatterNewlineUL\",\"title\":\"Newlines to Unordered List\",\"version\":100,\"versionStr\":\"1.0.0\",\"summary\":\"Converts newlines to <li> list items and surrounds in an <ul> unordered list. \",\"created\":1724488285,\"installed\":false,\"core\":true},\"TextformatterSmartypants\":{\"name\":\"TextformatterSmartypants\",\"title\":\"SmartyPants Typographer\",\"version\":171,\"versionStr\":\"1.7.1\",\"summary\":\"Smart typography for web sites, by Michel Fortin based on SmartyPants by John Gruber. If combined with Markdown, it should be applied AFTER Markdown.\",\"created\":1724488285,\"installed\":false,\"configurable\":4,\"core\":true,\"url\":\"https:\\/\\/github.com\\/michelf\\/php-smartypants\"},\"TextformatterMarkdownExtra\":{\"name\":\"TextformatterMarkdownExtra\",\"title\":\"Markdown\\/Parsedown Extra\",\"version\":180,\"versionStr\":\"1.8.0\",\"summary\":\"Markdown\\/Parsedown extra lightweight markup language by Emanuil Rusev. Based on Markdown by John Gruber.\",\"created\":1724488285,\"installed\":false,\"configurable\":4,\"core\":true},\"TextformatterPstripper\":{\"name\":\"TextformatterPstripper\",\"title\":\"Paragraph Stripper\",\"version\":100,\"versionStr\":\"1.0.0\",\"summary\":\"Strips paragraph <p> tags that may have been applied by other text formatters before it. \",\"created\":1724488285,\"installed\":false,\"core\":true},\"TextformatterStripTags\":{\"name\":\"TextformatterStripTags\",\"title\":\"Strip Markup Tags\",\"version\":100,\"versionStr\":\"1.0.0\",\"summary\":\"Strips HTML\\/XHTML Markup Tags\",\"created\":1724488285,\"installed\":false,\"configurable\":3,\"core\":true},\"ProcessForgotPassword\":{\"name\":\"ProcessForgotPassword\",\"title\":\"Forgot Password\",\"version\":104,\"versionStr\":\"1.0.4\",\"summary\":\"Provides password reset\\/email capability for the Login process.\",\"permission\":\"page-view\",\"created\":1724488285,\"installed\":false,\"configurable\":4,\"core\":true},\"ProcessPageClone\":{\"name\":\"ProcessPageClone\",\"title\":\"Page Clone\",\"version\":104,\"versionStr\":\"1.0.4\",\"summary\":\"Provides ability to clone\\/copy\\/duplicate pages in the admin. Adds a &quot;copy&quot; option to all applicable pages in the PageList.\",\"permission\":\"page-clone\",\"permissions\":{\"page-clone\":\"Clone a page\",\"page-clone-tree\":\"Clone a tree of pages\"},\"autoload\":\"template=admin\",\"created\":1724488285,\"installed\":false,\"core\":true,\"page\":{\"name\":\"clone\",\"title\":\"Clone\",\"parent\":\"page\",\"status\":1024}},\"ProcessCommentsManager\":{\"name\":\"ProcessCommentsManager\",\"title\":\"Comments\",\"version\":12,\"versionStr\":\"0.1.2\",\"author\":\"Ryan Cramer\",\"summary\":\"Manage comments in your site outside of the page editor.\",\"icon\":\"comments\",\"requiresVersions\":{\"FieldtypeComments\":[\">=\",0]},\"permission\":\"comments-manager\",\"permissions\":{\"comments-manager\":\"Use the comments manager\"},\"created\":1724488285,\"installed\":false,\"searchable\":\"comments\",\"core\":true,\"page\":{\"name\":\"comments\",\"parent\":\"setup\",\"title\":\"Comments\"},\"nav\":[{\"url\":\"?go=approved\",\"label\":\"Approved\"},{\"url\":\"?go=pending\",\"label\":\"Pending\"},{\"url\":\"?go=spam\",\"label\":\"Spam\"},{\"url\":\"?go=all\",\"label\":\"All\"}]},\"ProcessPagesExportImport\":{\"name\":\"ProcessPagesExportImport\",\"title\":\"Pages Export\\/Import\",\"version\":1,\"versionStr\":\"0.0.1\",\"author\":\"Ryan Cramer\",\"summary\":\"Enables exporting and importing of pages. Development version, not yet recommended for production use.\",\"icon\":\"paper-plane-o\",\"permission\":\"page-edit-export\",\"created\":1724488285,\"installed\":false,\"core\":true,\"page\":{\"name\":\"export-import\",\"parent\":\"page\",\"title\":\"Export\\/Import\"}},\"SystemNotifications\":{\"name\":\"SystemNotifications\",\"title\":\"System Notifications\",\"version\":12,\"versionStr\":\"0.1.2\",\"summary\":\"Adds support for notifications in ProcessWire (currently in development)\",\"icon\":\"bell\",\"installs\":[\"FieldtypeNotifications\"],\"autoload\":true,\"created\":1724488285,\"installed\":false,\"configurable\":\"SystemNotificationsConfig.php\",\"core\":true},\"FieldtypeNotifications\":{\"name\":\"FieldtypeNotifications\",\"title\":\"Notifications\",\"version\":4,\"versionStr\":\"0.0.4\",\"summary\":\"Field that stores user notifications.\",\"requiresVersions\":{\"SystemNotifications\":[\">=\",0]},\"created\":1724488285,\"installed\":false,\"core\":true},\"PagePathHistory\":{\"name\":\"PagePathHistory\",\"title\":\"Page Path History\",\"version\":8,\"versionStr\":\"0.0.8\",\"summary\":\"Keeps track of past URLs where pages have lived and automatically redirects (301 permanent) to the new location whenever the past URL is accessed.\",\"autoload\":true,\"singular\":true,\"created\":1724488285,\"installed\":false,\"configurable\":4,\"core\":true},\"InputfieldCKEditor\":{\"name\":\"InputfieldCKEditor\",\"title\":\"CKEditor\",\"version\":171,\"versionStr\":\"1.7.1\",\"summary\":\"CKEditor textarea rich text editor.\",\"installs\":[\"MarkupHTMLPurifier\"],\"created\":1724488285,\"installed\":false,\"core\":true},\"InputfieldPageTable\":{\"name\":\"InputfieldPageTable\",\"title\":\"ProFields: Page Table\",\"version\":14,\"versionStr\":\"0.1.4\",\"summary\":\"Inputfield to accompany FieldtypePageTable\",\"requiresVersions\":{\"FieldtypePageTable\":[\">=\",0]},\"created\":1724488285,\"installed\":false,\"core\":true},\"PagePaths\":{\"name\":\"PagePaths\",\"title\":\"Page Paths\",\"version\":4,\"versionStr\":\"0.0.4\",\"summary\":\"Enables page paths\\/urls to be queryable by selectors. Also offers potential for improved load performance. Builds an index at install (may take time on a large site).\",\"autoload\":true,\"singular\":true,\"created\":1724488285,\"installed\":false,\"configurable\":4,\"core\":true},\"LanguageTabs\":{\"name\":\"LanguageTabs\",\"title\":\"Languages Support - Tabs\",\"version\":117,\"versionStr\":\"1.1.7\",\"author\":\"adamspruijt, ryan, flipzoom\",\"summary\":\"Organizes multi-language fields into tabs for a cleaner easier to use interface.\",\"requiresVersions\":{\"LanguageSupport\":[\">=\",0]},\"autoload\":\"template=admin\",\"singular\":true,\"created\":1724488285,\"installed\":false,\"configurable\":4,\"core\":true},\"ProcessLanguageTranslator\":{\"name\":\"ProcessLanguageTranslator\",\"title\":\"Language Translator\",\"version\":103,\"versionStr\":\"1.0.3\",\"author\":\"Ryan Cramer\",\"summary\":\"Provides language translation capabilities for ProcessWire core and modules.\",\"requiresVersions\":{\"LanguageSupport\":[\">=\",0]},\"permission\":\"lang-edit\",\"created\":1724488285,\"installed\":false,\"configurable\":4,\"core\":true},\"FieldtypeTextLanguage\":{\"name\":\"FieldtypeTextLanguage\",\"title\":\"Text (Multi-language)\",\"version\":100,\"versionStr\":\"1.0.0\",\"summary\":\"Field that stores a single line of text in multiple languages\",\"requiresVersions\":{\"LanguageSupportFields\":[\">=\",0]},\"created\":1724488285,\"installed\":false,\"core\":true},\"ProcessLanguage\":{\"name\":\"ProcessLanguage\",\"title\":\"Languages\",\"version\":103,\"versionStr\":\"1.0.3\",\"author\":\"Ryan Cramer\",\"summary\":\"Manage system languages\",\"icon\":\"language\",\"requiresVersions\":{\"LanguageSupport\":[\">=\",0]},\"permission\":\"lang-edit\",\"permissions\":{\"lang-edit\":\"Administer languages and static translation files\"},\"created\":1724488285,\"installed\":false,\"configurable\":3,\"core\":true,\"useNavJSON\":true},\"LanguageSupportPageNames\":{\"name\":\"LanguageSupportPageNames\",\"title\":\"Languages Support - Page Names\",\"version\":13,\"versionStr\":\"0.1.3\",\"author\":\"Ryan Cramer\",\"summary\":\"Required to use multi-language page names.\",\"requiresVersions\":{\"LanguageSupport\":[\">=\",0],\"LanguageSupportFields\":[\">=\",0]},\"autoload\":true,\"singular\":true,\"created\":1724488285,\"installed\":false,\"configurable\":4,\"core\":true},\"LanguageSupportFields\":{\"name\":\"LanguageSupportFields\",\"title\":\"Languages Support - Fields\",\"version\":101,\"versionStr\":\"1.0.1\",\"author\":\"Ryan Cramer\",\"summary\":\"Required to use multi-language fields.\",\"requiresVersions\":{\"LanguageSupport\":[\">=\",0]},\"installs\":[\"FieldtypePageTitleLanguage\",\"FieldtypeTextareaLanguage\",\"FieldtypeTextLanguage\"],\"autoload\":true,\"singular\":true,\"created\":1724488285,\"installed\":false,\"core\":true},\"LanguageSupport\":{\"name\":\"LanguageSupport\",\"title\":\"Languages Support\",\"version\":103,\"versionStr\":\"1.0.3\",\"author\":\"Ryan Cramer\",\"summary\":\"ProcessWire multi-language support.\",\"installs\":[\"ProcessLanguage\",\"ProcessLanguageTranslator\"],\"autoload\":true,\"singular\":true,\"created\":1724488285,\"installed\":false,\"configurable\":3,\"core\":true,\"addFlag\":32},\"FieldtypePageTitleLanguage\":{\"name\":\"FieldtypePageTitleLanguage\",\"title\":\"Page Title (Multi-Language)\",\"version\":100,\"versionStr\":\"1.0.0\",\"author\":\"Ryan Cramer\",\"summary\":\"Field that stores a page title in multiple languages. Use this only if you want title inputs created for ALL languages on ALL pages. Otherwise create separate languaged-named title fields, i.e. title_fr, title_es, title_fi, etc. \",\"requiresVersions\":{\"LanguageSupportFields\":[\">=\",0],\"FieldtypeTextLanguage\":[\">=\",0]},\"created\":1724488285,\"installed\":false,\"core\":true},\"FieldtypeTextareaLanguage\":{\"name\":\"FieldtypeTextareaLanguage\",\"title\":\"Textarea (Multi-language)\",\"version\":100,\"versionStr\":\"1.0.0\",\"summary\":\"Field that stores a multiple lines of text in multiple languages\",\"requiresVersions\":{\"LanguageSupportFields\":[\">=\",0]},\"created\":1724488285,\"installed\":false,\"core\":true},\"MarkupPageFields\":{\"name\":\"MarkupPageFields\",\"title\":\"Markup Page Fields\",\"version\":100,\"versionStr\":\"1.0.0\",\"summary\":\"Adds $page->renderFields() and $page->images->render() methods that return basic markup for output during development and debugging.\",\"autoload\":true,\"singular\":true,\"created\":1724488285,\"installed\":false,\"core\":true,\"permanent\":true},\"MarkupRSS\":{\"name\":\"MarkupRSS\",\"title\":\"Markup RSS Feed\",\"version\":105,\"versionStr\":\"1.0.5\",\"summary\":\"Renders an RSS feed. Given a PageArray, renders an RSS feed of them.\",\"icon\":\"rss-square\",\"created\":1724488285,\"installed\":false,\"configurable\":3,\"core\":true},\"MarkupCache\":{\"name\":\"MarkupCache\",\"title\":\"Markup Cache\",\"version\":101,\"versionStr\":\"1.0.1\",\"summary\":\"A simple way to cache segments of markup in your templates. \",\"href\":\"https:\\/\\/processwire.com\\/api\\/modules\\/markupcache\\/\",\"autoload\":true,\"singular\":true,\"created\":1724488285,\"installed\":false,\"configurable\":3,\"core\":true},\"InputfieldFormBuilderPageBreak\":{\"name\":\"InputfieldFormBuilderPageBreak\",\"title\":\"Page Break (for FormBuilder)\",\"version\":1,\"versionStr\":\"0.0.1\",\"summary\":\"Enables you to create separate paginations of a form in FormBuilder.\",\"requiresVersions\":{\"FormBuilder\":[\">=\",0]},\"created\":1727011979,\"installed\":false},\"InputfieldFormBuilderForm\":{\"name\":\"InputfieldFormBuilderForm\",\"title\":\"Form (for FormBuilder)\",\"version\":1,\"versionStr\":\"0.0.1\",\"summary\":\"Enables you to include one FormBuilder form within another.\",\"requiresVersions\":{\"FormBuilder\":[\">=\",0]},\"created\":1727011979,\"installed\":false}}', '2024-08-01 13:16:56');
INSERT INTO `modules` (`id`, `class`, `flags`, `data`, `created`) VALUES('164', '.ModulesVersions.info', '8192', '[]', '2024-08-01 13:16:56');
INSERT INTO `modules` (`id`, `class`, `flags`, `data`, `created`) VALUES('165', 'ProcessRecentPages', '1', '', '2024-08-01 13:16:56');
INSERT INTO `modules` (`id`, `class`, `flags`, `data`, `created`) VALUES('166', 'AdminThemeUikit', '10', '', '2024-08-01 13:16:56');
INSERT INTO `modules` (`id`, `class`, `flags`, `data`, `created`) VALUES('167', 'ProcessLogger', '1', '', '2024-08-01 13:16:57');
INSERT INTO `modules` (`id`, `class`, `flags`, `data`, `created`) VALUES('168', 'InputfieldIcon', '0', '', '2024-08-01 13:16:57');
INSERT INTO `modules` (`id`, `class`, `flags`, `data`, `created`) VALUES('169', 'InputfieldTextTags', '0', '', '2024-09-21 15:19:47');
INSERT INTO `modules` (`id`, `class`, `flags`, `data`, `created`) VALUES('170', 'InputfieldPageAutocomplete', '0', '', '2024-09-22 13:15:33');
INSERT INTO `modules` (`id`, `class`, `flags`, `data`, `created`) VALUES('171', 'InputfieldToggle', '0', '', '2024-09-22 13:16:37');
INSERT INTO `modules` (`id`, `class`, `flags`, `data`, `created`) VALUES('172', 'FormBuilder', '3', '{\"schemaVersion\":2,\"licenseKey\":\"PWFB4.per3807.5de4ac81ac18ef5d37382bdf579b379478a4a0f0\",\"embedFields\":[],\"embedTag\":\"form-builder\",\"fromEmail\":\"\",\"mailer\":\"\",\"inputfieldClasses\":[\"AsmSelect\",\"Checkbox\",\"Checkboxes\",\"Datetime\",\"Email\",\"Fieldset\",\"Float\",\"FormBuilderFile\",\"Hidden\",\"Integer\",\"Page\",\"Radios\",\"Select\",\"SelectMultiple\",\"Text\",\"Textarea\",\"URL\"],\"useRoles\":\"\",\"akismetKey\":\"\",\"csvDelimiter\":\",\",\"csvUseBOM\":\"\",\"filesPath\":\"{config.paths.cache}form-builder\\/\",\"advconfig\":0,\"lastMaint\":1741519786,\"embedCode\":\"<iframe src=\'{httpUrl}\' id=\'FormBuilderViewport_{name}\' class=\'FormBuilderViewport\' data-form=\'{name}\' title=\'{name}\' frameborder=\'0\' allowTransparency=\'true\' style=\'width: 100%; height: 900px;\'><\\/iframe>\",\"markup_list\":\"<div {attrs}>{out}\\n<\\/div>\",\"markup_item\":\"<div {attrs}>{out}\\n<\\/div>\",\"markup_item_label\":\"<label class=\'ui-widget-header\' for=\'{for}\'>{out}<\\/label>\",\"markup_item_content\":\"<div class=\'ui-widget-content\'>{out}<\\/div>\",\"markup_item_error\":\"<p><span class=\'ui-state-error\'>{out}<\\/span><\\/p>\",\"markup_item_description\":\"<p class=\'description\'>{out}<\\/p>\",\"markup_success\":\"<p class=\'ui-state-highlight\'>{out}<\\/p>\",\"markup_error\":\"<p class=\'ui-state-error\'>{out}<\\/p>\",\"classes_form\":\"\",\"classes_list\":\"Inputfields\",\"classes_list_clearfix\":\"ui-helper-clearfix\",\"classes_item\":\"Inputfield Inputfield_{name} ui-widget {class}\",\"classes_item_required\":\"InputfieldStateRequired\",\"classes_item_error\":\"InputfieldStateError ui-state-error\",\"classes_item_collapsed\":\"InputfieldStateCollapsed\",\"classes_item_column_width\":\"InputfieldColumnWidth\",\"classes_item_column_width_first\":\"InputfieldColumnWidthFirst\"}', '2024-09-22 13:33:37');
INSERT INTO `modules` (`id`, `class`, `flags`, `data`, `created`) VALUES('173', 'ProcessFormBuilder', '1', '', '2024-09-22 13:33:37');
INSERT INTO `modules` (`id`, `class`, `flags`, `data`, `created`) VALUES('174', 'InputfieldFormBuilderFile', '0', '', '2024-09-22 13:33:37');
INSERT INTO `modules` (`id`, `class`, `flags`, `data`, `created`) VALUES('175', 'FieldtypeOptions', '1', '', '2024-09-29 14:17:31');
INSERT INTO `modules` (`id`, `class`, `flags`, `data`, `created`) VALUES('176', 'FieldtypeRepeater', '35', '{\"repeatersRootPageID\":1045}', '2025-01-05 12:11:10');
INSERT INTO `modules` (`id`, `class`, `flags`, `data`, `created`) VALUES('177', 'InputfieldRepeater', '0', '', '2025-01-05 12:11:10');
INSERT INTO `modules` (`id`, `class`, `flags`, `data`, `created`) VALUES('178', 'ProcessAdminActions', '1', '{\"dbBackup\":\"automatic\",\"showActionCode\":null,\"core\":{\"ConvertFieldsToMultiLanguage\":{\"roles\":[38],\"title\":\"Convert Fields to Multi-Language\",\"description\":\"Converts fields to their matching multi-language fieldtype.\",\"notes\":\"Shows a list of potential fields that can be selected for conversion.\",\"icon\":\"language\",\"author\":\"Philipp Daun\",\"authorLinks\":{\"pwforum\":\"3989-dhinnisda%C3%ABl\",\"pwdirectory\":\"philippdaun\",\"github\":\"daun\"}},\"CopyContentToOtherField\":{\"roles\":[38],\"title\":\"Copy Content to Other Field\",\"description\":\"This action copies the content from one field to another field on all pages that use the selected template.\",\"notes\":\"This can be useful if you decide you need to split one field into two to allow different settings on different templates. It also makes it easy to move content from one field type to another one that is incompatible.\",\"icon\":\"copy\",\"author\":\"Adrian Jones\",\"authorLinks\":{\"pwforum\":\"985-adrian\",\"pwdirectory\":\"adrian-jones\",\"github\":\"adrianbj\"}},\"CopyFieldContentToOtherPage\":{\"roles\":[38],\"title\":\"Copy Field Content to Other Page\",\"description\":\"Copies the content from a field on one page to the same field on another page.\",\"notes\":\"This can be useful if you decide to restructure where certain content lives on the site.\",\"icon\":\"copy\",\"author\":\"Adrian Jones\",\"authorLinks\":{\"pwforum\":\"985-adrian\",\"pwdirectory\":\"adrian-jones\",\"github\":\"adrianbj\"}},\"CopyPageTableItemsToOtherPage\":{\"roles\":[38],\"title\":\"Copy or Move PageTable Items to Other Page\",\"description\":\"Add the items from a PageTable field on one page to the same field on another page and optionally remove them from the original page.\",\"notes\":\"If the field on the destination page already has items, you can choose to append, or overwrite.\",\"icon\":\"copy\",\"author\":\"Jozsef Juhasz\",\"authorLinks\":{\"pwforum\":\"2990-jozsef\"}},\"CopyRepeaterItemsToOtherPage\":{\"roles\":[38],\"title\":\"Copy or Move Repeater Items to Other Page\",\"description\":\"Add the items from a Repeater\\/RepeaterMatrix field on one page to the same field on another page and optionally remove them from the original page.\",\"notes\":\"If the field on the destination page already has items, you can choose to append, or overwrite.\",\"icon\":\"copy\",\"author\":\"Adrian Jones\",\"authorLinks\":{\"pwforum\":\"985-adrian\",\"pwdirectory\":\"adrian-jones\",\"github\":\"adrianbj\"}},\"CopyTableFieldRowsToOtherPage\":{\"roles\":[38],\"title\":\"Copy Table Field Rows to Other Page\",\"description\":\"Add the rows from a Table field on one page to the same field on another page.\",\"notes\":\"If the field on the destination page already has rows, you can choose to append, or overwrite.\",\"icon\":\"copy\",\"author\":\"Adrian Jones\",\"authorLinks\":{\"pwforum\":\"985-adrian\",\"pwdirectory\":\"adrian-jones\",\"github\":\"adrianbj\"}},\"CreateUsersBatcher\":{\"roles\":[38],\"title\":\"Create Users Batcher\",\"description\":\"Allows you to batch create users.\",\"notes\":\"Having the Email New User module installed and configured to generate a password automatically is recommended. It is also recommended that you install the Password Force Change module.\",\"icon\":\"user-plus\",\"author\":\"Adrian Jones\",\"authorLinks\":{\"pwforum\":\"985-adrian\",\"pwdirectory\":\"adrian-jones\",\"github\":\"adrianbj\"}},\"DeleteUnusedFields\":{\"roles\":[38],\"title\":\"Delete Unused Fields\",\"description\":\"Deletes fields that are not used by any templates.\",\"notes\":\"Shows a list of unused fields with checkboxes to select those to delete.\",\"icon\":\"minus-circle\",\"author\":\"Adrian Jones\",\"authorLinks\":{\"pwforum\":\"985-adrian\",\"pwdirectory\":\"adrian-jones\",\"github\":\"adrianbj\"}},\"DeleteUnusedTemplates\":{\"roles\":[38],\"title\":\"Delete Unused Templates\",\"description\":\"Deletes templates that are not used by any pages.\",\"notes\":\"Shows a list of unused templates with checkboxes to select those to delete.\",\"icon\":\"minus-circle\",\"author\":\"Adrian Jones\",\"authorLinks\":{\"pwforum\":\"985-adrian\",\"pwdirectory\":\"adrian-jones\",\"github\":\"adrianbj\"}},\"EmailBatcher\":{\"roles\":[38],\"title\":\"Email Batcher\",\"description\":\"Lets you email multiple addresses at once.\",\"notes\":\"You can select \\\"Pages\\\" or \\\"User Roles\\\" for determining the recipients.\",\"icon\":\"envelope\",\"author\":\"Adrian Jones\",\"authorLinks\":{\"pwforum\":\"985-adrian\",\"pwdirectory\":\"adrian-jones\",\"github\":\"adrianbj\"}},\"FieldSetOrSearchAndReplace\":{\"roles\":[38],\"title\":\"Field Set or Search and Replace\",\"description\":\"Set field values, or search and replace text in field values from a filtered selection of pages and fields.\",\"notes\":\"This can be very destructive - please be careful!\",\"icon\":\"search-plus\",\"author\":\"Adrian Jones\",\"authorLinks\":{\"pwforum\":\"985-adrian\",\"pwdirectory\":\"adrian-jones\",\"github\":\"adrianbj\"}},\"FtpFilesToPage\":{\"roles\":[38],\"title\":\"FTP Files to Page\",\"description\":\"Add files\\/images from a folder to a selected page.\",\"notes\":\"This is useful if you want to FTP files, rather than upload via the admin.\",\"icon\":\"upload\",\"author\":\"Adrian Jones\",\"authorLinks\":{\"pwforum\":\"985-adrian\",\"pwdirectory\":\"adrian-jones\",\"github\":\"adrianbj\"}},\"PageActiveLanguagesBatcher\":{\"roles\":[38],\"title\":\"Page Active Languages Batcher\",\"description\":\"Lets you enable or disable active status of multiple languages on multiple pages at once.\",\"notes\":\"\",\"icon\":\"language\",\"author\":\"Adrian Jones\",\"authorLinks\":{\"pwforum\":\"985-adrian\",\"pwdirectory\":\"adrian-jones\",\"github\":\"adrianbj\"}},\"PageManipulator\":{\"roles\":[38],\"title\":\"Page Manipulator\",\"description\":\"Uses an InputfieldSelector to query pages and then allows batch actions on the matched pages.\",\"notes\":\"Actions are: Publish, Unpublish, Hide, Unhide, Trash, Delete, Change Template, Change Parent\",\"icon\":\"cog\",\"author\":\"Adrian Jones\",\"authorLinks\":{\"pwforum\":\"985-adrian\",\"pwdirectory\":\"adrian-jones\",\"github\":\"adrianbj\"}},\"PageTableToRepeaterMatrix\":{\"roles\":[38],\"title\":\"Page Table to Repeater \\/ Repeater Matrix\",\"description\":\"Fully converts an existing (and populated) PageTable field to either a Repeater or RepeaterMatrix field.\",\"notes\":\"By default it will choose Repeater or RepeaterMatrix based on the number of templates in the PageTable field, but you can also choose to force RepeaterMatrix.\",\"icon\":\"exchange\",\"author\":\"Adrian Jones\",\"authorLinks\":{\"pwforum\":\"985-adrian\",\"pwdirectory\":\"adrian-jones\",\"github\":\"adrianbj\"}},\"TemplateFieldsBatcher\":{\"roles\":[38],\"title\":\"Template Fields Batcher\",\"description\":\"Lets you add or remove multiple fields from multiple templates at once.\",\"notes\":\"\",\"icon\":\"cube\",\"author\":\"Adrian Jones\",\"authorLinks\":{\"pwforum\":\"985-adrian\",\"pwdirectory\":\"adrian-jones\",\"github\":\"adrianbj\"}},\"TemplateRolesBatcher\":{\"roles\":[38],\"title\":\"Template Roles Batcher\",\"description\":\"Lets you add or remove access permissions, for multiple roles and multiple templates at once.\",\"notes\":\"Access permission options are: Edit Pages, Create Pages, and Add Children.\",\"icon\":\"cubes\",\"author\":\"Adrian Jones\",\"authorLinks\":{\"pwforum\":\"985-adrian\",\"pwdirectory\":\"adrian-jones\",\"github\":\"adrianbj\"}},\"UserRolesPermissionsBatcher\":{\"roles\":[38],\"title\":\"User Roles Permission Batcher\",\"description\":\"Lets you add or remove permissions for multiple roles, or roles for multiple users at once.\",\"notes\":\"Role selections are required. If all three have selections, permissions will be modified in roles and roles modified in users.\",\"icon\":\"cogs\",\"author\":\"Adrian Jones\",\"authorLinks\":{\"pwforum\":\"985-adrian\",\"pwdirectory\":\"adrian-jones\",\"github\":\"adrianbj\"}}}}', '2025-03-09 14:50:42');

DROP TABLE IF EXISTS `pages`;
CREATE TABLE `pages` (
  `id` int(10) unsigned NOT NULL AUTO_INCREMENT,
  `parent_id` int(11) unsigned NOT NULL DEFAULT 0,
  `templates_id` int(11) unsigned NOT NULL DEFAULT 0,
  `name` varchar(128) CHARACTER SET ascii COLLATE ascii_general_ci NOT NULL,
  `status` int(10) unsigned NOT NULL DEFAULT 1,
  `modified` timestamp NOT NULL DEFAULT current_timestamp(),
  `modified_users_id` int(10) unsigned NOT NULL DEFAULT 2,
  `created` timestamp NOT NULL DEFAULT '2015-12-18 06:09:00',
  `created_users_id` int(10) unsigned NOT NULL DEFAULT 2,
  `published` datetime DEFAULT NULL,
  `sort` int(11) NOT NULL DEFAULT 0,
  PRIMARY KEY (`id`),
  UNIQUE KEY `name_parent_id` (`name`,`parent_id`),
  KEY `parent_id` (`parent_id`),
  KEY `templates_id` (`templates_id`),
  KEY `modified` (`modified`),
  KEY `created` (`created`),
  KEY `status` (`status`),
  KEY `published` (`published`)
) ENGINE=MyISAM AUTO_INCREMENT=1050 DEFAULT CHARSET=utf8mb3 COLLATE=utf8mb3_general_ci;

INSERT INTO `pages` (`id`, `parent_id`, `templates_id`, `name`, `status`, `modified`, `modified_users_id`, `created`, `created_users_id`, `published`, `sort`) VALUES('1', '0', '1', 'home', '9', '2024-09-29 14:20:46', '41', '2024-08-01 13:16:40', '41', '2024-08-01 13:16:40', '0');
INSERT INTO `pages` (`id`, `parent_id`, `templates_id`, `name`, `status`, `modified`, `modified_users_id`, `created`, `created_users_id`, `published`, `sort`) VALUES('2', '1', '2', 'processwire', '1035', '2024-08-01 13:16:56', '40', '2024-08-01 13:16:40', '41', '2024-08-01 13:16:40', '11');
INSERT INTO `pages` (`id`, `parent_id`, `templates_id`, `name`, `status`, `modified`, `modified_users_id`, `created`, `created_users_id`, `published`, `sort`) VALUES('3', '2', '2', 'page', '21', '2024-08-01 13:16:40', '41', '2024-08-01 13:16:40', '41', '2024-08-01 13:16:40', '0');
INSERT INTO `pages` (`id`, `parent_id`, `templates_id`, `name`, `status`, `modified`, `modified_users_id`, `created`, `created_users_id`, `published`, `sort`) VALUES('6', '3', '2', 'add', '21', '2024-08-01 13:17:03', '40', '2024-08-01 13:16:40', '41', '2024-08-01 13:16:40', '1');
INSERT INTO `pages` (`id`, `parent_id`, `templates_id`, `name`, `status`, `modified`, `modified_users_id`, `created`, `created_users_id`, `published`, `sort`) VALUES('7', '1', '2', 'trash', '1039', '2024-08-01 13:16:40', '41', '2024-08-01 13:16:40', '41', '2024-08-01 13:16:40', '12');
INSERT INTO `pages` (`id`, `parent_id`, `templates_id`, `name`, `status`, `modified`, `modified_users_id`, `created`, `created_users_id`, `published`, `sort`) VALUES('8', '3', '2', 'list', '21', '2024-08-01 13:17:03', '41', '2024-08-01 13:16:40', '41', '2024-08-01 13:16:40', '0');
INSERT INTO `pages` (`id`, `parent_id`, `templates_id`, `name`, `status`, `modified`, `modified_users_id`, `created`, `created_users_id`, `published`, `sort`) VALUES('9', '3', '2', 'sort', '1047', '2024-08-01 13:16:40', '41', '2024-08-01 13:16:40', '41', '2024-08-01 13:16:40', '3');
INSERT INTO `pages` (`id`, `parent_id`, `templates_id`, `name`, `status`, `modified`, `modified_users_id`, `created`, `created_users_id`, `published`, `sort`) VALUES('10', '3', '2', 'edit', '1045', '2024-08-01 13:17:03', '41', '2024-08-01 13:16:40', '41', '2024-08-01 13:16:40', '4');
INSERT INTO `pages` (`id`, `parent_id`, `templates_id`, `name`, `status`, `modified`, `modified_users_id`, `created`, `created_users_id`, `published`, `sort`) VALUES('11', '22', '2', 'template', '21', '2024-08-01 13:16:40', '41', '2024-08-01 13:16:40', '41', '2024-08-01 13:16:40', '0');
INSERT INTO `pages` (`id`, `parent_id`, `templates_id`, `name`, `status`, `modified`, `modified_users_id`, `created`, `created_users_id`, `published`, `sort`) VALUES('16', '22', '2', 'field', '21', '2024-08-01 13:16:40', '41', '2024-08-01 13:16:40', '41', '2024-08-01 13:16:40', '2');
INSERT INTO `pages` (`id`, `parent_id`, `templates_id`, `name`, `status`, `modified`, `modified_users_id`, `created`, `created_users_id`, `published`, `sort`) VALUES('21', '2', '2', 'module', '21', '2024-08-01 13:16:40', '41', '2024-08-01 13:16:40', '41', '2024-08-01 13:16:40', '2');
INSERT INTO `pages` (`id`, `parent_id`, `templates_id`, `name`, `status`, `modified`, `modified_users_id`, `created`, `created_users_id`, `published`, `sort`) VALUES('22', '2', '2', 'setup', '21', '2024-08-01 13:16:40', '41', '2024-08-01 13:16:40', '41', '2024-08-01 13:16:40', '1');
INSERT INTO `pages` (`id`, `parent_id`, `templates_id`, `name`, `status`, `modified`, `modified_users_id`, `created`, `created_users_id`, `published`, `sort`) VALUES('23', '2', '2', 'login', '1035', '2024-08-01 13:16:40', '41', '2024-08-01 13:16:40', '41', '2024-08-01 13:16:40', '4');
INSERT INTO `pages` (`id`, `parent_id`, `templates_id`, `name`, `status`, `modified`, `modified_users_id`, `created`, `created_users_id`, `published`, `sort`) VALUES('27', '1', '29', 'http404', '1035', '2024-08-01 13:16:40', '41', '2024-08-01 13:16:40', '3', '2024-08-01 13:16:40', '10');
INSERT INTO `pages` (`id`, `parent_id`, `templates_id`, `name`, `status`, `modified`, `modified_users_id`, `created`, `created_users_id`, `published`, `sort`) VALUES('28', '2', '2', 'access', '13', '2024-08-01 13:16:40', '41', '2024-08-01 13:16:40', '41', '2024-08-01 13:16:40', '3');
INSERT INTO `pages` (`id`, `parent_id`, `templates_id`, `name`, `status`, `modified`, `modified_users_id`, `created`, `created_users_id`, `published`, `sort`) VALUES('29', '28', '2', 'users', '29', '2024-08-01 13:16:40', '41', '2024-08-01 13:16:40', '41', '2024-08-01 13:16:40', '0');
INSERT INTO `pages` (`id`, `parent_id`, `templates_id`, `name`, `status`, `modified`, `modified_users_id`, `created`, `created_users_id`, `published`, `sort`) VALUES('30', '28', '2', 'roles', '29', '2024-08-01 13:16:40', '41', '2024-08-01 13:16:40', '41', '2024-08-01 13:16:40', '1');
INSERT INTO `pages` (`id`, `parent_id`, `templates_id`, `name`, `status`, `modified`, `modified_users_id`, `created`, `created_users_id`, `published`, `sort`) VALUES('31', '28', '2', 'permissions', '29', '2024-08-01 13:16:40', '41', '2024-08-01 13:16:40', '41', '2024-08-01 13:16:40', '2');
INSERT INTO `pages` (`id`, `parent_id`, `templates_id`, `name`, `status`, `modified`, `modified_users_id`, `created`, `created_users_id`, `published`, `sort`) VALUES('32', '31', '5', 'page-edit', '25', '2024-08-01 13:16:40', '41', '2024-08-01 13:16:40', '41', '2024-08-01 13:16:40', '2');
INSERT INTO `pages` (`id`, `parent_id`, `templates_id`, `name`, `status`, `modified`, `modified_users_id`, `created`, `created_users_id`, `published`, `sort`) VALUES('34', '31', '5', 'page-delete', '25', '2024-08-01 13:16:40', '41', '2024-08-01 13:16:40', '41', '2024-08-01 13:16:40', '3');
INSERT INTO `pages` (`id`, `parent_id`, `templates_id`, `name`, `status`, `modified`, `modified_users_id`, `created`, `created_users_id`, `published`, `sort`) VALUES('35', '31', '5', 'page-move', '25', '2024-08-01 13:16:40', '41', '2024-08-01 13:16:40', '41', '2024-08-01 13:16:40', '4');
INSERT INTO `pages` (`id`, `parent_id`, `templates_id`, `name`, `status`, `modified`, `modified_users_id`, `created`, `created_users_id`, `published`, `sort`) VALUES('36', '31', '5', 'page-view', '25', '2024-08-01 13:16:40', '41', '2024-08-01 13:16:40', '41', '2024-08-01 13:16:40', '0');
INSERT INTO `pages` (`id`, `parent_id`, `templates_id`, `name`, `status`, `modified`, `modified_users_id`, `created`, `created_users_id`, `published`, `sort`) VALUES('37', '30', '4', 'guest', '25', '2024-08-01 13:16:40', '41', '2024-08-01 13:16:40', '41', '2024-08-01 13:16:40', '0');
INSERT INTO `pages` (`id`, `parent_id`, `templates_id`, `name`, `status`, `modified`, `modified_users_id`, `created`, `created_users_id`, `published`, `sort`) VALUES('38', '30', '4', 'superuser', '25', '2024-08-01 13:16:40', '41', '2024-08-01 13:16:40', '41', '2024-08-01 13:16:40', '1');
INSERT INTO `pages` (`id`, `parent_id`, `templates_id`, `name`, `status`, `modified`, `modified_users_id`, `created`, `created_users_id`, `published`, `sort`) VALUES('41', '29', '3', 'admin', '1', '2024-08-01 13:16:56', '40', '2024-08-01 13:16:40', '41', '2024-08-01 13:16:40', '0');
INSERT INTO `pages` (`id`, `parent_id`, `templates_id`, `name`, `status`, `modified`, `modified_users_id`, `created`, `created_users_id`, `published`, `sort`) VALUES('40', '29', '3', 'guest', '25', '2024-08-01 13:16:40', '41', '2024-08-01 13:16:40', '41', '2024-08-01 13:16:40', '1');
INSERT INTO `pages` (`id`, `parent_id`, `templates_id`, `name`, `status`, `modified`, `modified_users_id`, `created`, `created_users_id`, `published`, `sort`) VALUES('50', '31', '5', 'page-sort', '25', '2024-08-01 13:16:40', '41', '2024-08-01 13:16:40', '41', '2024-08-01 13:16:40', '5');
INSERT INTO `pages` (`id`, `parent_id`, `templates_id`, `name`, `status`, `modified`, `modified_users_id`, `created`, `created_users_id`, `published`, `sort`) VALUES('51', '31', '5', 'page-template', '25', '2024-08-01 13:16:40', '41', '2024-08-01 13:16:40', '41', '2024-08-01 13:16:40', '6');
INSERT INTO `pages` (`id`, `parent_id`, `templates_id`, `name`, `status`, `modified`, `modified_users_id`, `created`, `created_users_id`, `published`, `sort`) VALUES('52', '31', '5', 'user-admin', '25', '2024-08-01 13:16:40', '41', '2024-08-01 13:16:40', '41', '2024-08-01 13:16:40', '10');
INSERT INTO `pages` (`id`, `parent_id`, `templates_id`, `name`, `status`, `modified`, `modified_users_id`, `created`, `created_users_id`, `published`, `sort`) VALUES('53', '31', '5', 'profile-edit', '1', '2024-08-01 13:16:40', '41', '2024-08-01 13:16:40', '41', '2024-08-01 13:16:40', '13');
INSERT INTO `pages` (`id`, `parent_id`, `templates_id`, `name`, `status`, `modified`, `modified_users_id`, `created`, `created_users_id`, `published`, `sort`) VALUES('54', '31', '5', 'page-lock', '1', '2024-08-01 13:16:40', '41', '2024-08-01 13:16:40', '41', '2024-08-01 13:16:40', '8');
INSERT INTO `pages` (`id`, `parent_id`, `templates_id`, `name`, `status`, `modified`, `modified_users_id`, `created`, `created_users_id`, `published`, `sort`) VALUES('300', '3', '2', 'search', '1045', '2024-08-01 13:16:40', '41', '2024-08-01 13:16:40', '41', '2024-08-01 13:16:40', '6');
INSERT INTO `pages` (`id`, `parent_id`, `templates_id`, `name`, `status`, `modified`, `modified_users_id`, `created`, `created_users_id`, `published`, `sort`) VALUES('301', '3', '2', 'trash', '1047', '2024-08-01 13:16:40', '41', '2024-08-01 13:16:40', '41', '2024-08-01 13:16:40', '6');
INSERT INTO `pages` (`id`, `parent_id`, `templates_id`, `name`, `status`, `modified`, `modified_users_id`, `created`, `created_users_id`, `published`, `sort`) VALUES('302', '3', '2', 'link', '1041', '2024-08-01 13:16:40', '41', '2024-08-01 13:16:40', '41', '2024-08-01 13:16:40', '7');
INSERT INTO `pages` (`id`, `parent_id`, `templates_id`, `name`, `status`, `modified`, `modified_users_id`, `created`, `created_users_id`, `published`, `sort`) VALUES('303', '3', '2', 'image', '1041', '2024-08-01 13:16:40', '41', '2024-08-01 13:16:40', '41', '2024-08-01 13:16:40', '8');
INSERT INTO `pages` (`id`, `parent_id`, `templates_id`, `name`, `status`, `modified`, `modified_users_id`, `created`, `created_users_id`, `published`, `sort`) VALUES('304', '2', '2', 'profile', '1025', '2024-08-01 13:16:40', '41', '2024-08-01 13:16:40', '41', '2024-08-01 13:16:40', '5');
INSERT INTO `pages` (`id`, `parent_id`, `templates_id`, `name`, `status`, `modified`, `modified_users_id`, `created`, `created_users_id`, `published`, `sort`) VALUES('1006', '31', '5', 'page-lister', '1', '2024-08-01 13:16:40', '40', '2024-08-01 13:16:40', '40', '2024-08-01 13:16:40', '9');
INSERT INTO `pages` (`id`, `parent_id`, `templates_id`, `name`, `status`, `modified`, `modified_users_id`, `created`, `created_users_id`, `published`, `sort`) VALUES('1007', '3', '2', 'lister', '1', '2024-08-01 13:16:40', '40', '2024-08-01 13:16:40', '40', '2024-08-01 13:16:40', '9');
INSERT INTO `pages` (`id`, `parent_id`, `templates_id`, `name`, `status`, `modified`, `modified_users_id`, `created`, `created_users_id`, `published`, `sort`) VALUES('1010', '3', '2', 'recent-pages', '1', '2024-08-01 13:16:56', '40', '2024-08-01 13:16:56', '40', '2024-08-01 13:16:56', '10');
INSERT INTO `pages` (`id`, `parent_id`, `templates_id`, `name`, `status`, `modified`, `modified_users_id`, `created`, `created_users_id`, `published`, `sort`) VALUES('1011', '31', '5', 'page-edit-recent', '1', '2024-08-01 13:16:56', '40', '2024-08-01 13:16:56', '40', '2024-08-01 13:16:56', '10');
INSERT INTO `pages` (`id`, `parent_id`, `templates_id`, `name`, `status`, `modified`, `modified_users_id`, `created`, `created_users_id`, `published`, `sort`) VALUES('1012', '22', '2', 'logs', '1', '2024-08-01 13:16:57', '40', '2024-08-01 13:16:57', '40', '2024-08-01 13:16:57', '2');
INSERT INTO `pages` (`id`, `parent_id`, `templates_id`, `name`, `status`, `modified`, `modified_users_id`, `created`, `created_users_id`, `published`, `sort`) VALUES('1013', '31', '5', 'logs-view', '1', '2024-08-01 13:16:57', '40', '2024-08-01 13:16:57', '40', '2024-08-01 13:16:57', '11');
INSERT INTO `pages` (`id`, `parent_id`, `templates_id`, `name`, `status`, `modified`, `modified_users_id`, `created`, `created_users_id`, `published`, `sort`) VALUES('1014', '31', '5', 'logs-edit', '1', '2024-08-01 13:16:57', '40', '2024-08-01 13:16:57', '40', '2024-08-01 13:16:57', '12');
INSERT INTO `pages` (`id`, `parent_id`, `templates_id`, `name`, `status`, `modified`, `modified_users_id`, `created`, `created_users_id`, `published`, `sort`) VALUES('1015', '1', '47', 'ueber-uns', '1', '2024-09-21 15:23:05', '41', '2024-09-21 15:19:59', '41', '2024-09-21 15:19:59', '7');
INSERT INTO `pages` (`id`, `parent_id`, `templates_id`, `name`, `status`, `modified`, `modified_users_id`, `created`, `created_users_id`, `published`, `sort`) VALUES('1016', '1', '43', 'ich-biete', '1', '2024-10-27 13:22:55', '41', '2024-09-21 15:20:13', '41', '2024-09-21 15:20:13', '4');
INSERT INTO `pages` (`id`, `parent_id`, `templates_id`, `name`, `status`, `modified`, `modified_users_id`, `created`, `created_users_id`, `published`, `sort`) VALUES('1017', '1', '44', 'ich-suche', '1', '2024-09-29 14:20:35', '41', '2024-09-21 15:20:28', '41', '2024-09-21 15:20:28', '3');
INSERT INTO `pages` (`id`, `parent_id`, `templates_id`, `name`, `status`, `modified`, `modified_users_id`, `created`, `created_users_id`, `published`, `sort`) VALUES('1018', '1', '46', 'agenda', '1', '2024-09-29 14:20:43', '41', '2024-09-21 15:20:41', '41', '2024-09-21 15:20:41', '6');
INSERT INTO `pages` (`id`, `parent_id`, `templates_id`, `name`, `status`, `modified`, `modified_users_id`, `created`, `created_users_id`, `published`, `sort`) VALUES('1019', '1', '45', 'angebote', '1', '2024-10-27 13:22:51', '41', '2024-09-21 15:20:58', '41', '2024-09-21 15:20:58', '5');
INSERT INTO `pages` (`id`, `parent_id`, `templates_id`, `name`, `status`, `modified`, `modified_users_id`, `created`, `created_users_id`, `published`, `sort`) VALUES('1020', '1', '49', 'form-builder', '1025', '2024-09-22 13:33:37', '41', '2024-09-22 13:33:37', '41', '2024-09-22 13:33:37', '9');
INSERT INTO `pages` (`id`, `parent_id`, `templates_id`, `name`, `status`, `modified`, `modified_users_id`, `created`, `created_users_id`, `published`, `sort`) VALUES('1021', '31', '5', 'form-builder', '1', '2024-09-22 13:33:37', '41', '2024-09-22 13:33:37', '41', '2024-09-22 13:33:37', '13');
INSERT INTO `pages` (`id`, `parent_id`, `templates_id`, `name`, `status`, `modified`, `modified_users_id`, `created`, `created_users_id`, `published`, `sort`) VALUES('1022', '31', '5', 'form-builder-add', '1', '2024-09-22 13:33:37', '41', '2024-09-22 13:33:37', '41', '2024-09-22 13:33:37', '14');
INSERT INTO `pages` (`id`, `parent_id`, `templates_id`, `name`, `status`, `modified`, `modified_users_id`, `created`, `created_users_id`, `published`, `sort`) VALUES('1023', '22', '2', 'form-builder', '1', '2024-09-22 13:33:37', '41', '2024-09-22 13:33:37', '41', '2024-09-22 13:33:37', '3');
INSERT INTO `pages` (`id`, `parent_id`, `templates_id`, `name`, `status`, `modified`, `modified_users_id`, `created`, `created_users_id`, `published`, `sort`) VALUES('1034', '1019', '55', 'eintraege', '1025', '2024-10-05 14:21:17', '41', '2024-10-05 14:21:10', '41', '2024-10-05 14:21:10', '1');
INSERT INTO `pages` (`id`, `parent_id`, `templates_id`, `name`, `status`, `modified`, `modified_users_id`, `created`, `created_users_id`, `published`, `sort`) VALUES('1032', '1030', '54', 'test', '1', '2024-10-05 14:12:57', '41', '2024-10-05 13:46:50', '41', '2024-10-05 13:47:10', '0');
INSERT INTO `pages` (`id`, `parent_id`, `templates_id`, `name`, `status`, `modified`, `modified_users_id`, `created`, `created_users_id`, `published`, `sort`) VALUES('1029', '1017', '53', 'formular', '1', '2024-10-05 13:22:23', '41', '2024-10-05 13:22:23', '41', '2024-10-05 13:22:23', '0');
INSERT INTO `pages` (`id`, `parent_id`, `templates_id`, `name`, `status`, `modified`, `modified_users_id`, `created`, `created_users_id`, `published`, `sort`) VALUES('1030', '1017', '55', 'eintraege', '1025', '2024-10-05 14:19:29', '41', '2024-10-05 13:24:00', '41', '2024-10-05 13:24:00', '1');
INSERT INTO `pages` (`id`, `parent_id`, `templates_id`, `name`, `status`, `modified`, `modified_users_id`, `created`, `created_users_id`, `published`, `sort`) VALUES('1033', '1016', '55', 'eintraege', '1025', '2024-10-05 14:20:59', '41', '2024-10-05 14:20:53', '41', '2024-10-05 14:20:53', '1');
INSERT INTO `pages` (`id`, `parent_id`, `templates_id`, `name`, `status`, `modified`, `modified_users_id`, `created`, `created_users_id`, `published`, `sort`) VALUES('1035', '1030', '54', 'schlittschuhe', '1', '2024-10-05 14:25:59', '41', '2024-10-05 14:25:59', '41', '2024-10-05 14:25:59', '1');
INSERT INTO `pages` (`id`, `parent_id`, `templates_id`, `name`, `status`, `modified`, `modified_users_id`, `created`, `created_users_id`, `published`, `sort`) VALUES('1036', '1033', '54', 'biete-angebot', '1', '2024-10-06 12:50:28', '41', '2024-10-06 12:50:20', '41', '2024-10-06 12:50:28', '0');
INSERT INTO `pages` (`id`, `parent_id`, `templates_id`, `name`, `status`, `modified`, `modified_users_id`, `created`, `created_users_id`, `published`, `sort`) VALUES('1037', '1016', '56', 'formular', '1', '2024-10-27 13:22:55', '41', '2024-10-27 13:21:59', '41', '2024-10-27 13:21:59', '0');
INSERT INTO `pages` (`id`, `parent_id`, `templates_id`, `name`, `status`, `modified`, `modified_users_id`, `created`, `created_users_id`, `published`, `sort`) VALUES('1038', '1019', '57', 'formular', '1', '2024-10-27 13:22:51', '41', '2024-10-27 13:22:40', '41', '2024-10-27 13:22:40', '0');
INSERT INTO `pages` (`id`, `parent_id`, `templates_id`, `name`, `status`, `modified`, `modified_users_id`, `created`, `created_users_id`, `published`, `sort`) VALUES('1039', '1030', '54', '0.62014400-1730039962', '1', '2024-10-27 14:39:22', '41', '2024-10-27 14:39:22', '41', '2024-10-27 14:39:22', '2');
INSERT INTO `pages` (`id`, `parent_id`, `templates_id`, `name`, `status`, `modified`, `modified_users_id`, `created`, `created_users_id`, `published`, `sort`) VALUES('1040', '1030', '54', '0.52723200-1730040079', '1', '2024-10-27 14:41:19', '41', '2024-10-27 14:41:19', '41', '2024-10-27 14:41:19', '3');
INSERT INTO `pages` (`id`, `parent_id`, `templates_id`, `name`, `status`, `modified`, `modified_users_id`, `created`, `created_users_id`, `published`, `sort`) VALUES('1041', '1030', '54', '0.54614100-1730040175', '1', '2024-10-27 14:42:55', '41', '2024-10-27 14:42:55', '41', '2024-10-27 14:42:55', '4');
INSERT INTO `pages` (`id`, `parent_id`, `templates_id`, `name`, `status`, `modified`, `modified_users_id`, `created`, `created_users_id`, `published`, `sort`) VALUES('1042', '1030', '54', '0.58200300-1730040276', '1', '2024-10-27 14:44:36', '41', '2024-10-27 14:44:36', '41', '2024-10-27 14:44:36', '5');
INSERT INTO `pages` (`id`, `parent_id`, `templates_id`, `name`, `status`, `modified`, `modified_users_id`, `created`, `created_users_id`, `published`, `sort`) VALUES('1044', '1018', '58', 'veranstaltung', '1', '2024-10-27 15:48:31', '41', '2024-10-27 15:48:22', '41', '2024-10-27 15:48:31', '0');
INSERT INTO `pages` (`id`, `parent_id`, `templates_id`, `name`, `status`, `modified`, `modified_users_id`, `created`, `created_users_id`, `published`, `sort`) VALUES('1045', '2', '2', 'repeaters', '1036', '2025-01-05 12:11:10', '41', '2025-01-05 12:11:10', '41', '2025-01-05 12:11:10', '6');
INSERT INTO `pages` (`id`, `parent_id`, `templates_id`, `name`, `status`, `modified`, `modified_users_id`, `created`, `created_users_id`, `published`, `sort`) VALUES('1046', '1030', '54', 'schlittschuhe-1', '1', '2025-03-09 14:46:51', '41', '2025-03-09 14:46:51', '41', '2025-03-09 14:46:51', '6');
INSERT INTO `pages` (`id`, `parent_id`, `templates_id`, `name`, `status`, `modified`, `modified_users_id`, `created`, `created_users_id`, `published`, `sort`) VALUES('1047', '22', '2', 'admin-actions', '1', '2025-03-09 14:50:42', '41', '2025-03-09 14:50:42', '41', '2025-03-09 14:50:42', '4');
INSERT INTO `pages` (`id`, `parent_id`, `templates_id`, `name`, `status`, `modified`, `modified_users_id`, `created`, `created_users_id`, `published`, `sort`) VALUES('1048', '31', '5', 'admin-actions', '1', '2025-03-09 14:50:42', '41', '2025-03-09 14:50:42', '41', '2025-03-09 14:50:42', '15');
INSERT INTO `pages` (`id`, `parent_id`, `templates_id`, `name`, `status`, `modified`, `modified_users_id`, `created`, `created_users_id`, `published`, `sort`) VALUES('1049', '31', '5', 'admin-actions-restore', '1', '2025-03-09 14:50:42', '41', '2025-03-09 14:50:42', '41', '2025-03-09 14:50:42', '16');

DROP TABLE IF EXISTS `pages_access`;
CREATE TABLE `pages_access` (
  `pages_id` int(11) NOT NULL,
  `templates_id` int(11) NOT NULL,
  `ts` timestamp NOT NULL DEFAULT current_timestamp() ON UPDATE current_timestamp(),
  PRIMARY KEY (`pages_id`),
  KEY `templates_id` (`templates_id`)
) ENGINE=MyISAM DEFAULT CHARSET=utf8mb3 COLLATE=utf8mb3_general_ci;

INSERT INTO `pages_access` (`pages_id`, `templates_id`, `ts`) VALUES('37', '2', '2024-08-01 13:16:40');
INSERT INTO `pages_access` (`pages_id`, `templates_id`, `ts`) VALUES('38', '2', '2024-08-01 13:16:40');
INSERT INTO `pages_access` (`pages_id`, `templates_id`, `ts`) VALUES('32', '2', '2024-08-01 13:16:40');
INSERT INTO `pages_access` (`pages_id`, `templates_id`, `ts`) VALUES('34', '2', '2024-08-01 13:16:40');
INSERT INTO `pages_access` (`pages_id`, `templates_id`, `ts`) VALUES('35', '2', '2024-08-01 13:16:40');
INSERT INTO `pages_access` (`pages_id`, `templates_id`, `ts`) VALUES('36', '2', '2024-08-01 13:16:40');
INSERT INTO `pages_access` (`pages_id`, `templates_id`, `ts`) VALUES('50', '2', '2024-08-01 13:16:40');
INSERT INTO `pages_access` (`pages_id`, `templates_id`, `ts`) VALUES('51', '2', '2024-08-01 13:16:40');
INSERT INTO `pages_access` (`pages_id`, `templates_id`, `ts`) VALUES('52', '2', '2024-08-01 13:16:40');
INSERT INTO `pages_access` (`pages_id`, `templates_id`, `ts`) VALUES('53', '2', '2024-08-01 13:16:40');
INSERT INTO `pages_access` (`pages_id`, `templates_id`, `ts`) VALUES('54', '2', '2024-08-01 13:16:40');
INSERT INTO `pages_access` (`pages_id`, `templates_id`, `ts`) VALUES('1006', '2', '2024-08-01 13:16:40');
INSERT INTO `pages_access` (`pages_id`, `templates_id`, `ts`) VALUES('1011', '2', '2024-08-01 13:16:56');
INSERT INTO `pages_access` (`pages_id`, `templates_id`, `ts`) VALUES('1013', '2', '2024-08-01 13:16:57');
INSERT INTO `pages_access` (`pages_id`, `templates_id`, `ts`) VALUES('1014', '2', '2024-08-01 13:16:57');
INSERT INTO `pages_access` (`pages_id`, `templates_id`, `ts`) VALUES('1015', '1', '2024-09-21 15:19:59');
INSERT INTO `pages_access` (`pages_id`, `templates_id`, `ts`) VALUES('1016', '1', '2024-09-21 15:20:13');
INSERT INTO `pages_access` (`pages_id`, `templates_id`, `ts`) VALUES('1017', '1', '2024-09-21 15:20:28');
INSERT INTO `pages_access` (`pages_id`, `templates_id`, `ts`) VALUES('1018', '1', '2024-09-21 15:20:41');
INSERT INTO `pages_access` (`pages_id`, `templates_id`, `ts`) VALUES('1019', '1', '2024-09-21 15:20:58');
INSERT INTO `pages_access` (`pages_id`, `templates_id`, `ts`) VALUES('1020', '1', '2024-09-22 13:33:37');
INSERT INTO `pages_access` (`pages_id`, `templates_id`, `ts`) VALUES('1021', '2', '2024-09-22 13:33:37');
INSERT INTO `pages_access` (`pages_id`, `templates_id`, `ts`) VALUES('1022', '2', '2024-09-22 13:33:37');
INSERT INTO `pages_access` (`pages_id`, `templates_id`, `ts`) VALUES('1035', '1', '2024-10-05 14:25:59');
INSERT INTO `pages_access` (`pages_id`, `templates_id`, `ts`) VALUES('1033', '1', '2024-10-05 14:20:53');
INSERT INTO `pages_access` (`pages_id`, `templates_id`, `ts`) VALUES('1034', '1', '2024-10-05 14:21:10');
INSERT INTO `pages_access` (`pages_id`, `templates_id`, `ts`) VALUES('1029', '1', '2024-10-05 13:22:23');
INSERT INTO `pages_access` (`pages_id`, `templates_id`, `ts`) VALUES('1030', '1', '2024-10-05 13:24:00');
INSERT INTO `pages_access` (`pages_id`, `templates_id`, `ts`) VALUES('1036', '1', '2024-10-06 12:50:20');
INSERT INTO `pages_access` (`pages_id`, `templates_id`, `ts`) VALUES('1037', '1', '2024-10-27 13:21:59');
INSERT INTO `pages_access` (`pages_id`, `templates_id`, `ts`) VALUES('1038', '1', '2024-10-27 13:22:40');
INSERT INTO `pages_access` (`pages_id`, `templates_id`, `ts`) VALUES('1039', '1', '2024-10-27 14:39:22');
INSERT INTO `pages_access` (`pages_id`, `templates_id`, `ts`) VALUES('1040', '1', '2024-10-27 14:41:19');
INSERT INTO `pages_access` (`pages_id`, `templates_id`, `ts`) VALUES('1041', '1', '2024-10-27 14:42:55');
INSERT INTO `pages_access` (`pages_id`, `templates_id`, `ts`) VALUES('1042', '1', '2024-10-27 14:44:36');
INSERT INTO `pages_access` (`pages_id`, `templates_id`, `ts`) VALUES('1046', '1', '2025-03-09 14:46:51');
INSERT INTO `pages_access` (`pages_id`, `templates_id`, `ts`) VALUES('1044', '1', '2024-10-27 15:48:22');
INSERT INTO `pages_access` (`pages_id`, `templates_id`, `ts`) VALUES('1048', '2', '2025-03-09 14:50:42');
INSERT INTO `pages_access` (`pages_id`, `templates_id`, `ts`) VALUES('1049', '2', '2025-03-09 14:50:42');

DROP TABLE IF EXISTS `pages_parents`;
CREATE TABLE `pages_parents` (
  `pages_id` int(10) unsigned NOT NULL,
  `parents_id` int(10) unsigned NOT NULL,
  PRIMARY KEY (`pages_id`,`parents_id`)
) ENGINE=MyISAM DEFAULT CHARSET=utf8mb3 COLLATE=utf8mb3_general_ci;

INSERT INTO `pages_parents` (`pages_id`, `parents_id`) VALUES('2', '1');
INSERT INTO `pages_parents` (`pages_id`, `parents_id`) VALUES('3', '1');
INSERT INTO `pages_parents` (`pages_id`, `parents_id`) VALUES('3', '2');
INSERT INTO `pages_parents` (`pages_id`, `parents_id`) VALUES('7', '1');
INSERT INTO `pages_parents` (`pages_id`, `parents_id`) VALUES('22', '1');
INSERT INTO `pages_parents` (`pages_id`, `parents_id`) VALUES('22', '2');
INSERT INTO `pages_parents` (`pages_id`, `parents_id`) VALUES('28', '1');
INSERT INTO `pages_parents` (`pages_id`, `parents_id`) VALUES('28', '2');
INSERT INTO `pages_parents` (`pages_id`, `parents_id`) VALUES('29', '1');
INSERT INTO `pages_parents` (`pages_id`, `parents_id`) VALUES('29', '2');
INSERT INTO `pages_parents` (`pages_id`, `parents_id`) VALUES('29', '28');
INSERT INTO `pages_parents` (`pages_id`, `parents_id`) VALUES('30', '1');
INSERT INTO `pages_parents` (`pages_id`, `parents_id`) VALUES('30', '2');
INSERT INTO `pages_parents` (`pages_id`, `parents_id`) VALUES('30', '28');
INSERT INTO `pages_parents` (`pages_id`, `parents_id`) VALUES('31', '1');
INSERT INTO `pages_parents` (`pages_id`, `parents_id`) VALUES('31', '2');
INSERT INTO `pages_parents` (`pages_id`, `parents_id`) VALUES('31', '28');
INSERT INTO `pages_parents` (`pages_id`, `parents_id`) VALUES('1030', '1017');
INSERT INTO `pages_parents` (`pages_id`, `parents_id`) VALUES('1033', '1016');

DROP TABLE IF EXISTS `pages_sortfields`;
CREATE TABLE `pages_sortfields` (
  `pages_id` int(10) unsigned NOT NULL DEFAULT 0,
  `sortfield` varchar(20) NOT NULL DEFAULT '',
  PRIMARY KEY (`pages_id`)
) ENGINE=MyISAM DEFAULT CHARSET=utf8mb3 COLLATE=utf8mb3_general_ci;


DROP TABLE IF EXISTS `session_login_throttle`;
CREATE TABLE `session_login_throttle` (
  `name` varchar(128) NOT NULL,
  `attempts` int(10) unsigned NOT NULL DEFAULT 0,
  `last_attempt` int(10) unsigned NOT NULL,
  PRIMARY KEY (`name`)
) ENGINE=MyISAM DEFAULT CHARSET=utf8mb3 COLLATE=utf8mb3_general_ci;

INSERT INTO `session_login_throttle` (`name`, `attempts`, `last_attempt`) VALUES('admin', '1', '1741520908');

DROP TABLE IF EXISTS `templates`;
CREATE TABLE `templates` (
  `id` int(10) unsigned NOT NULL AUTO_INCREMENT,
  `name` varchar(250) CHARACTER SET ascii COLLATE ascii_general_ci NOT NULL,
  `fieldgroups_id` int(10) unsigned NOT NULL DEFAULT 0,
  `flags` int(11) NOT NULL DEFAULT 0,
  `cache_time` mediumint(9) NOT NULL DEFAULT 0,
  `data` text NOT NULL,
  PRIMARY KEY (`id`),
  UNIQUE KEY `name` (`name`),
  KEY `fieldgroups_id` (`fieldgroups_id`)
) ENGINE=MyISAM AUTO_INCREMENT=59 DEFAULT CHARSET=utf8mb3 COLLATE=utf8mb3_general_ci;

INSERT INTO `templates` (`id`, `name`, `fieldgroups_id`, `flags`, `cache_time`, `data`) VALUES('2', 'admin', '2', '8', '0', '{\"useRoles\":1,\"parentTemplates\":[2],\"allowPageNum\":1,\"redirectLogin\":23,\"slashUrls\":1,\"noGlobal\":1,\"compile\":3,\"modified\":1724488285,\"ns\":\"ProcessWire\",\"_lazy\":1}');
INSERT INTO `templates` (`id`, `name`, `fieldgroups_id`, `flags`, `cache_time`, `data`) VALUES('3', 'user', '3', '8', '0', '{\"useRoles\":1,\"noChildren\":1,\"parentTemplates\":[2],\"slashUrls\":1,\"pageClass\":\"User\",\"noGlobal\":1,\"noMove\":1,\"noTrash\":1,\"noSettings\":1,\"noChangeTemplate\":1,\"nameContentTab\":1}');
INSERT INTO `templates` (`id`, `name`, `fieldgroups_id`, `flags`, `cache_time`, `data`) VALUES('4', 'role', '4', '8', '0', '{\"noChildren\":1,\"parentTemplates\":[2],\"slashUrls\":1,\"pageClass\":\"Role\",\"noGlobal\":1,\"noMove\":1,\"noTrash\":1,\"noSettings\":1,\"noChangeTemplate\":1,\"nameContentTab\":1}');
INSERT INTO `templates` (`id`, `name`, `fieldgroups_id`, `flags`, `cache_time`, `data`) VALUES('5', 'permission', '5', '8', '0', '{\"noChildren\":1,\"parentTemplates\":[2],\"slashUrls\":1,\"guestSearchable\":1,\"pageClass\":\"Permission\",\"noGlobal\":1,\"noMove\":1,\"noTrash\":1,\"noSettings\":1,\"noChangeTemplate\":1,\"nameContentTab\":1}');
INSERT INTO `templates` (`id`, `name`, `fieldgroups_id`, `flags`, `cache_time`, `data`) VALUES('1', 'home', '1', '0', '0', '{\"useRoles\":1,\"noParents\":1,\"slashUrls\":1,\"compile\":3,\"modified\":1741520875,\"ns\":\"ProcessWire\",\"_lazy\":1,\"roles\":[37]}');
INSERT INTO `templates` (`id`, `name`, `fieldgroups_id`, `flags`, `cache_time`, `data`) VALUES('29', 'basic-page', '83', '0', '0', '{\"slashUrls\":1,\"compile\":3,\"modified\":1724488284,\"ns\":\"ProcessWire\",\"_lazy\":1}');
INSERT INTO `templates` (`id`, `name`, `fieldgroups_id`, `flags`, `cache_time`, `data`) VALUES('43', 'i-offer', '97', '0', '0', '{\"slashUrls\":1,\"compile\":3,\"modified\":1730044847,\"ns\":\"ProcessWire\",\"_lazy\":1}');
INSERT INTO `templates` (`id`, `name`, `fieldgroups_id`, `flags`, `cache_time`, `data`) VALUES('44', 'im-looking-for', '98', '0', '0', '{\"slashUrls\":1,\"compile\":3,\"modified\":1730044839,\"ns\":\"ProcessWire\",\"_lazy\":1}');
INSERT INTO `templates` (`id`, `name`, `fieldgroups_id`, `flags`, `cache_time`, `data`) VALUES('45', 'offers', '99', '0', '0', '{\"slashUrls\":1,\"compile\":3,\"modified\":1730044887,\"ns\":\"ProcessWire\",\"_lazy\":1}');
INSERT INTO `templates` (`id`, `name`, `fieldgroups_id`, `flags`, `cache_time`, `data`) VALUES('46', 'agenda', '100', '0', '0', '{\"sortfield\":108,\"childTemplates\":[58],\"slashUrls\":1,\"compile\":0,\"modified\":1730044088,\"ns\":\"ProcessWire\",\"_lazy\":1}');
INSERT INTO `templates` (`id`, `name`, `fieldgroups_id`, `flags`, `cache_time`, `data`) VALUES('47', 'about-us', '101', '0', '0', '{\"slashUrls\":1,\"compile\":3,\"modified\":1726932134,\"ns\":\"ProcessWire\",\"_lazy\":1}');
INSERT INTO `templates` (`id`, `name`, `fieldgroups_id`, `flags`, `cache_time`, `data`) VALUES('55', 'entries', '109', '0', '0', '{\"sortfield\":\"published\",\"childTemplates\":[54],\"slashUrls\":1,\"compile\":0,\"modified\":1728138022,\"_lazy\":1}');
INSERT INTO `templates` (`id`, `name`, `fieldgroups_id`, `flags`, `cache_time`, `data`) VALUES('49', 'form-builder', '103', '8', '0', '{\"noParents\":1,\"urlSegments\":1,\"slashUrls\":1,\"noGlobal\":1,\"compile\":3,\"modified\":1727012166,\"ns\":\"ProcessWire\",\"_lazy\":1}');
INSERT INTO `templates` (`id`, `name`, `fieldgroups_id`, `flags`, `cache_time`, `data`) VALUES('54', 'entry', '108', '0', '0', '{\"slashUrls\":1,\"compile\":0,\"modified\":1730042614,\"ns\":\"ProcessWire\",\"_lazy\":1}');
INSERT INTO `templates` (`id`, `name`, `fieldgroups_id`, `flags`, `cache_time`, `data`) VALUES('53', 'im-looking-for-form', '107', '0', '0', '{\"slashUrls\":1,\"compile\":0,\"modified\":1730043669,\"ns\":\"ProcessWire\",\"_lazy\":\"*\"}');
INSERT INTO `templates` (`id`, `name`, `fieldgroups_id`, `flags`, `cache_time`, `data`) VALUES('56', 'i-offer-form', '110', '0', '0', '{\"slashUrls\":1,\"compile\":0,\"modified\":1737296742,\"ns\":\"ProcessWire\",\"_lazy\":1}');
INSERT INTO `templates` (`id`, `name`, `fieldgroups_id`, `flags`, `cache_time`, `data`) VALUES('57', 'offers-form', '111', '0', '0', '{\"slashUrls\":1,\"compile\":0,\"modified\":1730043655,\"ns\":\"ProcessWire\",\"_lazy\":1}');
INSERT INTO `templates` (`id`, `name`, `fieldgroups_id`, `flags`, `cache_time`, `data`) VALUES('58', 'agenda-entry', '112', '0', '0', '{\"slashUrls\":1,\"compile\":0,\"modified\":1730044048,\"ns\":\"ProcessWire\",\"_lazy\":1}');

# --- /WireDatabaseBackup {"numTables":38,"numCreateTables":38,"numInserts":509,"numSeconds":0}